cell_id,PC_1,PC_2
c_1_43_1,2.513327,-1.273575
c_1_43_2,-5.4547977,0.3255823
c_1_43_3,-0.87692726,-2.0112927
c_1_43_4,-0.693184,0.32527694
c_1_43_5,-1.0468347,0.42057234
c_1_43_6,-1.205649,-0.5264055
c_1_43_7,-1.9323211,1.5109752
c_1_43_8,-4.6501646,0.3538055
c_1_43_9,-1.6586041,0.22602022
c_1_43_10,-1.6538967,-0.22621377
c_1_43_11,-1.2964494,-1.8506006
c_1_43_12,-4.522739,0.3230615
c_1_43_13,3.2629538,-1.4913046
c_1_43_14,-4.5111055,-0.42696646
c_1_43_15,-1.6532431,-1.1629072
c_1_43_16,0.11820185,-1.4689252
c_1_43_17,-2.960562,0.11341715
c_1_43_18,-1.1125818,-0.9335592
c_1_43_19,-0.9802555,-0.80345684
c_1_43_20,-1.4119811,-1.2845311
c_1_43_21,-0.80929923,-1.8335551
c_1_43_22,-1.4808671,-0.45790127
c_1_43_23,-3.4435797,-0.47833383
c_1_43_24,-0.40914845,2.3587816
c_1_43_25,-4.258908,-0.4698371
c_1_43_26,-4.2666836,0.52570236
c_1_43_27,-2.1076787,-1.853615
c_1_43_28,-1.1534047,-0.18754283
c_1_43_29,-1.976891,2.2445385
c_1_43_30,-3.4712536,-0.96110064
c_1_43_31,2.0499516,0.35635975
c_1_43_32,-1.7455301,3.59597
c_1_43_33,-0.93381727,-0.24256927
c_1_43_34,1.6739751,-2.2430193
c_1_43_35,-0.36667046,-2.6402593
c_1_43_36,-2.3505027,-1.4099793
c_1_43_38,-2.5256891,-0.85320354
c_1_43_39,-3.241462,-2.7521842
c_1_43_40,-1.7250699,0.18215606
c_1_43_41,-0.47011185,-0.9031507
c_1_43_42,-1.271328,-2.1109993
c_1_43_43,-5.33299,-2.1013541
c_1_43_44,0.78515106,-0.045426425
c_1_43_45,-3.2210183,-1.5363927
c_1_43_46,-2.5955095,-0.5571293
c_1_43_48,2.6681557,1.183345
c_1_43_49,-1.5961156,-0.97358024
c_1_43_50,0.53723073,-2.0528872
c_1_43_51,0.19202691,-0.17609648
c_1_43_52,-4.0786223,-0.77792376
c_1_43_53,0.134033,2.6573133
c_1_43_54,-0.6151082,0.45791364
c_1_43_55,-0.93551505,-0.31795162
c_1_43_56,-5.244945,3.6372964
c_1_43_57,-2.8442616,-1.5415976
c_1_43_58,-1.7422322,1.4387695
c_1_43_59,-3.0264573,-0.40245345
c_1_43_60,2.7478652,-0.22676332
c_1_43_61,0.6962814,3.2986176
c_1_43_62,-1.4116764,0.33208138
c_1_43_63,-2.3042789,0.87439567
c_1_43_64,-1.5210525,2.8568773
c_1_43_65,-2.5688498,1.937282
c_1_43_66,-1.854292,-0.466911
c_1_43_67,0.1317065,-1.350107
c_1_43_69,-1.0679023,-2.9771464
c_1_43_70,0.24400887,-0.9512473
c_1_43_71,1.9215517,0.19219284
c_1_43_72,-2.180823,1.4463139
c_1_43_73,-1.9902203,-0.73720634
c_1_43_74,0.4122839,-0.26535583
c_1_43_75,-0.12556458,-1.0254087
c_1_43_76,-0.5020769,-0.39078444
c_1_43_77,-1.4781971,-0.325546
c_1_43_78,-0.3281093,-2.2348213
c_1_43_79,-0.03765571,-0.9451917
c_1_43_80,-1.9806985,-0.32511705
c_1_43_81,0.7366212,0.49977002
c_1_43_82,-2.1345177,-1.4586164
c_1_43_83,-2.5703084,-0.38037628
c_1_43_84,-0.86476445,-2.4790056
c_1_43_85,-1.0220572,-0.6807975
c_1_43_86,0.81974494,0.5628046
c_1_43_87,-2.345055,1.0786004
c_1_43_88,0.2780556,0.68246824
c_1_43_89,-0.053915672,0.49726057
c_1_43_90,-0.30656534,-0.1549452
c_1_43_91,-4.4733496,0.72411317
c_1_43_92,0.25140384,-1.6120502
c_1_43_93,-3.9662023,1.4899911
c_1_43_94,-1.7259473,0.5331859
c_1_43_95,0.10581496,-2.4883878
c_1_43_96,-0.538103,0.38143042
c_1_43_97,-3.987894,-2.4846246
c_1_43_98,-2.3513732,0.65331125
c_1_43_99,0.1395265,-1.1049799
c_1_43_100,1.4262713,0.51077104
c_1_43_101,-1.5279683,0.4346366
c_1_43_102,-0.45945486,-0.10652084
c_1_43_103,-1.8554722,1.8127838
c_1_43_104,-2.4589584,-0.44103244
c_1_43_105,-0.04112923,-2.93104
c_1_43_106,-0.57059294,-0.4053429
c_1_43_107,0.9320742,-1.3854307
c_1_43_108,-0.14347172,-1.0519545
c_1_43_109,-1.5331154,0.037692674
c_1_43_110,-2.188201,-1.0286014
c_1_43_111,-1.3371471,0.57758665
c_1_43_114,-0.97632855,-1.6260964
c_1_43_115,1.5521549,0.39231312
c_1_43_116,1.8004824,-0.81900483
c_1_43_117,3.7060513,-0.49008864
c_1_43_118,1.7324667,0.074809425
c_1_43_119,0.037863433,-0.26861206
c_1_43_120,1.2260127,-0.01626471
c_1_43_121,0.52552724,0.86271805
c_1_43_122,-1.2972432,-2.0515668
c_1_43_123,-0.97124267,-0.97192943
c_1_43_124,-3.1007786,2.0476873
c_1_43_125,-0.5954592,-0.46351632
c_1_43_126,1.5212934,1.1789378
c_1_43_127,1.7746991,0.6087091
c_1_43_128,-0.86332506,-2.3102365
c_1_43_129,1.3925685,-0.4299524
c_1_43_130,1.3939241,0.03348534
c_1_43_131,-1.9066141,-0.26047322
c_1_43_132,-2.3499656,-2.2975087
c_1_43_133,0.9950574,-0.2670125
c_1_43_134,-0.5424826,0.3970057
c_1_43_135,1.66208,0.16201645
c_1_43_136,-2.4728248,0.28269547
c_1_43_137,-2.0044503,-0.11250479
c_1_43_138,-2.2576532,0.5112826
c_1_43_139,-1.7955774,-0.88770056
c_1_43_140,-0.9604915,-0.5246369
c_1_43_142,1.7375909,1.114703
c_1_43_143,-0.33106184,-2.0378075
c_1_43_145,-0.5930953,3.1933157
c_1_43_146,0.9244736,-1.0648727
c_1_43_148,0.7815908,0.06145505
c_1_43_149,1.8673072,-0.2532794
c_1_43_150,-0.06586788,-0.25408
c_1_43_152,-0.8477097,-1.5683676
c_1_43_154,1.0277781,-1.1832168
c_1_43_155,2.0875192,-1.0565411
c_1_43_156,-2.016302,-0.6074319
c_1_43_157,-0.84805703,-2.1556358
c_1_43_158,2.1031725,-1.2763023
c_1_43_159,1.8499421,2.32291
c_1_43_160,0.9277955,-0.14425464
c_1_43_161,-0.68704104,2.1673653
c_1_43_162,1.4234858,0.36502343
c_1_43_164,1.0394905,2.6854215
c_1_43_165,2.3143973,0.58620024
c_1_43_166,2.3987346,0.5705909
c_1_43_167,1.7678539,-0.26648605
c_1_43_169,1.5207888,0.15798236
c_1_43_171,1.9021422,-1.7715613
c_1_43_172,-1.979409,-0.6340566
c_1_43_173,0.8441863,-1.3309715
c_1_43_174,1.8499792,0.20811453
c_1_43_175,0.89361006,-0.6831535
c_1_43_176,-0.83331215,-2.177907
c_1_43_177,-1.6571962,0.48915973
c_1_43_178,0.8912745,0.19881919
c_1_43_180,1.5897393,-1.2364113
c_1_43_181,-3.2477384,-3.1288512
c_1_43_182,-0.2142252,-0.8017908
c_1_43_183,-0.20585002,0.62974215
c_1_43_184,0.90752524,0.12552965
c_1_43_185,1.3947248,0.48338535
c_1_43_186,1.6436805,-0.40101567
c_1_43_187,2.942975,-0.13129607
c_1_43_188,-0.33610332,0.6324674
c_1_43_189,-0.5785475,2.4073846
c_1_43_190,-0.07011309,0.4488901
c_1_43_191,-0.12657715,0.28884482
c_1_43_192,2.0102649,-0.19356385
c_1_43_193,1.7120304,-0.08041271
c_1_43_194,-1.4391214,-1.1175102
c_1_43_195,0.8895027,0.033943895
c_1_43_196,2.8292246,-0.9233177
c_1_43_198,1.7424151,0.32686698
c_1_43_199,0.7541064,-0.14501132
c_1_43_201,2.0802815,1.0307597
c_1_43_202,-0.3713121,-2.41862
c_1_43_204,2.8023589,1.0471184
c_1_43_205,-2.047033,0.10043367
c_1_43_206,0.15036626,-0.8778248
c_1_43_207,-2.3177485,-4.292122
c_1_43_208,1.4991726,-0.72009456
c_1_43_209,1.9769499,0.11362675
c_1_43_210,2.3015854,0.98448694
c_1_43_211,1.1990758,-0.22344008
c_1_43_212,-2.0017931,-1.9275026
c_1_43_213,1.6626865,0.20938289
c_1_43_214,2.4940326,0.13027613
c_1_43_215,1.245819,0.8611627
c_1_43_216,2.073844,0.4973707
c_1_43_217,2.0462668,-0.96556187
c_1_43_219,1.1951159,-2.0591023
c_1_43_220,1.5727684,0.3679179
c_1_43_221,2.0171757,1.7886255
c_1_43_222,2.013726,1.8126334
c_1_43_223,1.4749542,-0.56082183
c_1_43_224,-0.9623031,0.5343912
c_1_43_225,-1.71376,0.2131533
c_1_43_226,-3.4916017,0.79543585
c_1_43_227,1.5588297,-0.82022125
c_1_43_230,0.61402327,1.4488621
c_1_43_231,1.3851811,1.7318572
c_1_43_232,1.047746,-0.863391
c_1_43_233,-4.6420465,-4.6227455
c_1_43_236,0.6393232,-3.3490896
c_1_43_237,0.80477124,-0.15024108
c_1_43_238,-1.1164409,-1.0551122
c_1_43_239,-1.7723138,-3.3833756
c_1_43_240,-0.8012743,-0.37218353
c_1_43_241,4.6906295,0.37389326
c_1_43_242,1.9977162,0.613452
c_1_43_243,1.3779099,0.7715452
c_1_43_244,0.3793945,3.080368
c_1_43_245,3.735461,0.46319097
c_1_43_247,1.3870685,0.2865535
c_1_43_248,-1.4836966,-0.65790933
c_1_43_249,3.8536682,0.47688004
c_1_43_250,0.8611105,-1.0012199
c_1_43_251,0.4252412,-0.8921863
c_1_43_252,1.0013468,0.53898174
c_1_43_255,1.0646533,-0.7102092
c_1_43_256,1.0459282,-0.18214415
c_1_43_257,2.7099357,-0.6462203
c_1_43_258,-2.738623,-1.9997431
c_1_43_259,-1.926017,-1.5820613
c_1_43_261,-1.7144773,1.2653415
c_1_43_262,1.5272137,-1.5761061
c_1_43_265,-1.0138828,-1.8341441
c_1_43_266,3.8738127,0.08002641
c_1_43_267,1.5354819,-0.25256506
c_1_43_268,1.1887574,0.3826823
c_1_43_270,1.2523603,0.29120585
c_1_43_271,1.4257308,-0.41252512
c_1_43_272,0.22244309,-2.068475
c_1_43_273,-0.9705837,0.49758658
c_1_43_274,1.8937576,-0.39987862
c_1_43_275,1.9653999,0.84813625
c_1_43_276,1.7409241,0.7800849
c_1_43_277,1.2895764,0.65242475
c_1_43_278,-0.31305563,0.21447483
c_1_43_279,3.6232538,2.1942291
c_1_43_280,-5.218972,-1.3442813
c_1_43_282,1.0492984,-0.28103605
c_1_43_284,0.07870918,0.14112069
c_1_43_286,1.7345344,-0.8422767
c_1_43_287,3.6640246,-0.37305075
c_1_43_288,0.33826196,-2.81218
c_1_43_289,1.9417576,1.6617479
c_1_43_290,0.45889223,0.661108
c_1_43_292,-0.6000369,1.9736974
c_1_43_293,1.6007378,0.670766
c_1_43_294,0.6711097,0.46463186
c_1_43_295,0.5098312,-0.75000465
c_1_43_296,0.8304376,0.32444534
c_1_43_297,2.0261102,-0.63171333
c_1_43_298,1.508661,-0.318259
c_1_43_299,0.14505896,-0.06314453
c_1_43_300,3.4225802,0.6662262
c_1_43_301,0.9997765,0.09583766
c_1_43_303,1.3876904,0.21945319
c_1_43_304,-0.81351197,1.1315845
c_1_43_305,-2.1809144,2.1151388
c_1_43_306,-0.738507,-1.6812959
c_1_43_307,0.8851426,-1.5593536
c_1_43_308,-2.2042787,0.1957533
c_1_43_309,-2.5868504,1.5445951
c_1_43_310,1.8466526,-0.63784957
c_1_43_311,-0.00037221995,0.31583098
c_1_43_312,3.626625,-0.81908435
c_1_43_313,-1.0758717,-1.2318878
c_1_43_314,-2.5701332,1.7602764
c_1_43_315,-2.1990042,-1.8512623
c_1_43_316,-2.1360939,-0.6768538
c_1_43_317,1.3082113,0.37995127
c_1_43_318,0.49633366,0.23408902
c_1_43_319,1.2286545,-0.0033984461
c_1_43_320,1.3284209,-0.3510976
c_1_43_321,1.1973175,-0.77712315
c_1_43_322,-1.7836136,-1.6259537
c_1_43_323,-3.8519099,3.2633216
c_1_43_324,-2.5946538,-2.3407545
c_1_43_325,-1.527113,-3.6341972
c_1_43_326,-1.2715342,1.8935816
c_1_43_327,1.7033223,-0.17062822
c_1_43_328,-2.5248537,-3.5077689
c_1_43_329,-2.5832217,0.31921193
c_1_43_331,1.8499535,-0.019970082
c_1_43_332,0.8811656,-0.9232357
c_1_43_333,1.9116508,-0.62606853
c_1_43_334,0.05348798,1.2371078
c_1_43_335,1.577192,-0.5976091
c_1_43_336,1.8023748,0.8356643
c_1_43_337,-3.4633534,1.9053617
c_1_43_338,-2.0720189,-0.07502402
c_1_43_339,0.75441706,0.6050776
c_1_43_340,1.2706143,-1.1889912
c_1_43_341,1.5137489,0.2577382
c_1_43_342,-1.7286533,26.087606
c_1_43_343,-0.41267064,-0.11033929
c_1_43_344,-1.0217937,0.212377
c_1_43_345,0.7707979,1.34251
c_1_43_346,1.5357828,-0.518652
c_1_43_347,-1.4972707,-0.5991229
c_1_43_348,3.4294422,-0.4208286
c_1_43_349,1.544495,0.8635867
c_1_43_350,-0.37793207,0.05676694
c_1_43_351,0.00073151046,-1.7964393
c_1_43_352,-1.9051491,1.3384539
c_1_43_353,0.7964904,0.26626146
c_1_43_354,3.4184883,-1.075551
c_1_43_355,2.7016947,-0.7697902
c_1_43_356,3.2266204,-0.4326958
c_1_43_357,2.6421206,1.4925755
c_1_43_358,-1.1840341,-1.8589658
c_1_43_360,2.4318535,-0.5190627
c_1_43_361,3.0505936,-0.449368
c_1_43_362,1.6425151,2.1497474
c_1_43_363,2.6084094,-0.7373363
c_1_43_364,1.5880972,0.33157137
c_1_43_366,0.9914686,0.8569695
c_1_43_368,-1.3427774,-3.0184941
c_1_43_369,0.637617,-0.16605958
c_1_43_370,0.96568114,0.8067812
c_1_43_371,2.7113693,0.3697044
c_1_43_372,-2.1035032,-2.9701047
c_1_43_373,1.1263487,0.6032928
c_1_43_374,-1.2034309,-0.18766417
c_1_43_375,0.46059662,-0.32613283
c_1_43_376,-2.2552896,-4.1802125
c_1_43_378,2.4407218,-0.40321222
c_1_43_380,0.7183328,0.14569819
c_1_43_381,-0.12778759,0.5888583
c_1_43_382,1.2401006,1.9772161
c_1_43_383,1.9408461,-2.5149357
c_1_43_384,2.845874,-0.571966
c_1_43_385,3.622117,-0.30137223
c_1_43_386,3.542278,0.3060204
c_1_43_387,1.1125778,0.2587336
c_1_43_388,0.6509829,2.5627651
c_1_43_389,-0.3664768,0.6193842
c_1_43_390,1.8492389,0.36766988
c_1_43_392,2.5539951,0.026547395
c_1_43_393,0.9249848,2.8188307
c_1_43_394,2.3079286,1.5053034
c_1_43_395,0.89050096,-0.30287862
c_1_43_396,1.1112672,0.7217795
c_1_43_397,1.5086267,1.0206712
c_1_43_398,3.2051637,-0.5769933
c_1_43_399,1.8270422,0.053821433
c_1_43_400,2.5102627,0.39601046
c_1_43_401,2.9592493,-1.0834656
c_1_43_402,0.48172104,-1.0973645
c_1_43_403,-0.04786238,0.6278949
c_1_43_404,0.1616323,-0.76656264
c_1_43_405,0.035418883,-0.28749353
c_1_43_406,0.59876883,0.22768243
c_1_43_408,0.8034593,1.0836792
c_1_43_409,1.9916627,-0.06123931
c_1_43_411,-2.1040428,-3.5189586
c_1_43_412,-1.7665873,-2.3948505
c_1_44_2,0.16657192,0.26080465
c_1_44_3,-0.25001842,-1.8370531
c_1_44_4,0.28468317,0.91747904
c_1_44_6,3.1123,-0.35016564
c_1_44_7,-5.0561824,-0.9632486
c_1_44_8,1.7163419,0.25838253
c_1_44_9,0.12060716,0.19138238
c_1_44_10,-2.8255444,2.0171802
c_1_44_11,0.13688143,1.8968219
c_1_44_12,-2.0891116,-0.60563797
c_1_44_13,-0.8549967,0.6783533
c_1_44_16,-0.4442264,0.07957366
c_1_44_17,1.1772286,-0.3232469
c_1_44_20,2.9524307,-0.68788105
c_1_44_22,2.1279767,1.4990185
c_1_44_23,-3.44487,5.506414
c_1_44_25,-3.2951846,-0.48646623
c_1_44_27,0.54615194,0.3228807
c_1_44_31,-2.5969605,2.5540218
c_1_44_32,0.11983838,-2.5324109
c_1_44_35,1.3979427,-1.927259
c_1_44_36,0.9568713,0.5324214
c_1_44_37,-4.489965,0.22690599
c_1_44_40,-1.1170454,2.330584
c_1_44_41,-3.49843,0.3235165
c_1_44_42,-1.3014882,0.843667
c_1_44_43,-1.2115829,-0.274372
c_1_44_46,-2.8903823,-0.9379733
c_1_44_47,-3.4612794,0.85942155
c_1_44_49,-1.4188724,1.6083775
c_1_44_50,-1.5987959,-0.5588334
c_1_44_51,-1.5794939,0.61762285
c_1_44_54,-2.306714,-1.6492063
c_1_44_55,-1.5402918,-4.634574
c_1_44_56,-0.44700748,0.15262847
c_1_44_57,0.60730547,-1.6532348
c_1_44_58,-3.356674,-0.3528105
c_1_44_59,1.6514721,0.36616862
c_1_44_60,0.53667915,0.21735702
c_1_44_61,-1.8851163,-0.954512
c_1_44_62,-1.4751804,-0.6905327
c_1_44_63,0.35663506,-0.5543853
c_1_44_64,-0.15098645,0.9711783
c_1_44_65,1.8891264,-1.5722424
c_1_44_68,2.627853,-0.7292118
c_1_44_70,-3.187839,0.09808933
c_1_44_71,-1.2659798,0.7783515
c_1_44_72,-2.7736285,3.8142433
c_1_44_75,-2.6232731,-1.5521704
c_1_44_76,-2.7681308,-1.8144296
c_1_44_77,-1.9733484,-0.8943023
c_1_44_78,1.1398616,-0.8146763
c_1_44_79,-3.4341981,-1.5734986
c_1_44_80,-3.2477725,-0.4937623
c_1_44_81,-5.9280987,-1.5946097
c_1_44_82,-1.4898536,-1.4922658
c_1_44_83,-0.47395313,2.8062065
c_1_44_84,-3.7836359,-2.8633904
c_1_44_85,-2.646232,-2.2383573
c_1_44_88,-0.85640115,-0.28114018
c_1_44_89,-0.43941092,2.3091881
c_1_44_90,-1.0785766,-3.4571702
c_1_44_91,-2.6301582,1.5204978
c_1_44_93,-0.7786191,2.2915347
c_1_44_94,-2.238443,-0.6470072
c_1_44_95,-1.8256983,1.5328666
c_1_44_96,-2.6999726,3.0236776
c_1_44_99,-2.265848,0.23757161
c_1_44_100,2.0015864,2.8905132
c_1_44_101,-0.395874,17.735012
c_1_44_103,1.6864878,0.37550223
c_1_44_104,-2.910541,0.9485596
c_1_44_106,-0.69418436,0.45574325
c_1_44_107,0.02277433,-0.18544075
c_1_44_108,0.26360485,0.6139271
c_1_44_109,-2.5386984,-0.05168903
c_1_44_111,-1.8467137,2.3959072
c_1_44_112,-4.628325,1.1765261
c_1_44_113,-1.4915196,0.45720738
c_1_44_115,-1.3522514,-2.5148396
c_1_44_116,-1.6474129,0.9635768
c_1_44_117,2.0976856,-0.8630391
c_1_44_118,0.3570795,1.0405794
c_1_44_119,-4.0489345,0.82223433
c_1_44_121,1.4378159,0.4377443
c_1_44_122,1.3379123,0.74012756
c_1_44_124,-1.8093836,0.6078176
c_1_44_125,1.4681884,1.4046024
c_1_44_126,-0.9885335,2.9608536
c_1_44_127,-3.1490555,3.1647408
c_1_44_129,-1.4776952,6.2029757
c_1_44_130,-2.6362443,0.44288847
c_1_44_132,-2.2004914,4.5550046
c_1_44_134,1.872322,2.5189903
c_1_44_135,-2.884732,-0.5156218
c_1_44_136,-1.5645651,4.2488847
c_1_44_137,-4.6940284,4.0026765
c_1_44_138,-4.4886823,-5.617898
c_1_44_139,2.3894649,-0.19414748
c_1_44_140,-1.045552,-0.8805089
c_1_44_141,3.728676,-1.5487883
c_1_44_142,-2.2227976,0.105891496
c_1_44_143,-2.4835598,1.904026
c_1_44_144,-2.8806205,0.67628103
c_1_44_145,-2.529517,0.8126204
c_1_44_148,-0.8375282,0.03546025
c_1_44_149,-3.8740067,2.5421531
c_1_44_150,-0.25309053,-0.23976149
c_1_44_153,-1.4646811,-0.5472418
c_1_44_156,-3.6170185,5.93273
c_1_44_157,-1.3690854,5.4524045
c_1_44_158,-0.3173594,0.5948604
c_1_44_159,-0.83420956,0.6583726
c_1_44_161,-1.6805305,0.58730674
c_1_44_162,1.5894326,1.4322293
c_1_44_163,-0.8500524,-0.86002797
c_1_44_164,1.4792014,-0.071178846
c_1_44_165,2.190515,0.9483374
c_1_44_166,0.71909755,0.3578392
c_1_44_168,2.4721167,-0.0946966
c_1_44_169,1.0016011,-1.0382043
c_1_44_171,2.2999685,-0.14972365
c_1_44_172,0.9405342,-0.2831226
c_1_44_173,2.3556778,-0.33956352
c_1_44_174,0.6724274,0.14703181
c_1_44_175,4.236474,0.3637263
c_1_44_176,2.90505,1.6234583
c_1_44_177,0.7546889,0.015683176
c_1_44_178,0.5071954,1.2562358
c_1_44_179,1.3235615,-1.7714653
c_1_44_182,0.5074676,-0.7014522
c_1_44_184,-0.9247234,0.97280526
c_1_44_185,1.3105563,0.4869366
c_1_44_187,-1.0978073,-0.10367529
c_1_44_188,2.4143057,6.196951
c_1_44_189,1.1696994,-3.6115794
c_1_44_190,1.3976448,3.4379253
c_1_44_192,-0.8795157,-3.4210029
c_1_44_194,0.8727045,1.7975714
c_1_44_195,2.0115798,-0.49363792
c_1_44_196,2.1832168,-0.2514355
c_1_44_197,0.947905,0.5195295
c_1_44_198,1.8627045,0.8946541
c_1_44_199,4.443589,-0.55060095
c_1_44_201,-1.2318416,-2.0861437
c_1_44_202,2.5814965,-0.050013885
c_1_44_203,0.5514659,-1.659745
c_1_44_204,2.4353213,-1.2510242
c_1_44_205,2.9981685,-0.4417409
c_1_44_207,-1.8428009,0.22594428
c_1_44_209,1.6406841,-0.15347311
c_1_44_210,1.904483,-1.0068005
c_1_44_211,-2.2742927,0.6554696
c_1_44_212,3.3929756,-0.23510641
c_1_44_213,-2.1385765,2.1930356
c_1_44_214,3.7496812,-1.0379772
c_1_44_215,-2.6485906,-2.4730177
c_1_44_216,0.46046555,0.9174036
c_1_44_217,4.8553457,-0.9404964
c_1_44_220,4.446403,-0.83838445
c_1_44_221,-0.5652356,-1.7690837
c_1_44_222,2.3400698,0.2761572
c_1_44_223,-0.5035673,1.3348681
c_1_44_224,1.3120953,0.2523435
c_1_44_225,-0.56473136,-0.05743124
c_1_44_227,0.086742476,-1.2591202
c_1_44_228,0.24384071,-0.7636465
c_1_44_229,-1.6913164,2.8619385
c_1_44_230,2.8212018,0.10403027
c_1_44_231,1.3130717,0.9385253
c_1_44_232,-0.1257418,0.39269122
c_1_44_233,-0.012964523,4.6040335
c_1_44_234,0.58367646,-1.677988
c_1_44_236,-1.2756985,3.7389412
c_1_44_237,-0.6059,0.1991215
c_1_44_238,-0.8508134,-1.8448464
c_1_44_239,-3.7653222,-0.68950105
c_1_44_240,0.57389915,0.101688616
c_1_44_241,1.107094,-0.8413865
c_1_44_242,1.4726566,0.21714315
c_1_44_243,0.48176187,-0.3434278
c_1_44_244,-0.20734918,1.7949946
c_1_44_245,-0.23859046,0.12864177
c_1_44_246,-1.4119735,2.1120903
c_1_44_247,1.5415125,-1.4824351
c_1_44_248,2.9105384,-0.09893121
c_1_44_249,-1.4104131,0.055042807
c_1_44_250,-0.7776552,0.24140905
c_1_44_251,-2.2867723,4.129951
c_1_44_252,3.307072,0.062918365
c_1_44_253,5.562858,0.79014474
c_1_44_255,-1.0617448,-2.6418068
c_1_44_256,-2.1022258,0.39841053
c_1_44_257,2.5510356,-0.3389785
c_1_44_258,1.0259538,0.9406036
c_1_44_259,1.8146175,0.20890644
c_1_44_260,-0.20676346,1.8471209
c_1_44_261,-0.04115156,-0.06003356
c_1_44_262,1.8278615,1.767323
c_1_44_263,2.7145278,-0.8573305
c_1_44_264,2.9602268,-1.0146103
c_1_44_265,0.7927653,-0.38970447
c_1_44_267,-0.37499154,0.5931549
c_1_44_268,-0.13322042,1.5483198
c_1_44_269,-1.8086584,1.3533618
c_1_44_270,0.73964137,0.59955007
c_1_44_271,2.162511,-0.5075236
c_1_44_272,1.9120747,-0.48023698
c_1_44_273,1.1184745,0.10066933
c_1_44_274,1.0686798,0.32214874
c_1_44_275,-0.9083463,-2.029406
c_1_44_276,0.20995234,0.7204574
c_1_44_277,1.5712669,-0.31908077
c_1_44_278,0.28798056,-2.0496025
c_1_44_280,1.073163,0.46637273
c_1_44_281,-0.18928784,0.11381999
c_1_44_282,1.101228,-0.01697232
c_1_44_283,-1.1394451,-0.607864
c_1_44_284,3.979157,-1.3350916
c_1_44_285,3.289486,-0.24800144
c_1_44_286,3.5093393,-0.15000296
c_1_44_287,1.2312859,1.1262804
c_1_44_289,2.4378626,2.2244911
c_1_44_290,-3.5853186,-0.46158594
c_1_44_291,0.6949445,0.5486682
c_1_44_292,1.6337726,0.7821515
c_1_44_293,-1.9039379,4.68547
c_1_44_294,1.1062001,0.10282103
c_1_44_295,-1.3891357,1.4479172
c_1_44_296,-0.15071657,-0.23225026
c_1_44_297,-1.0138166,-0.36091435
c_1_44_298,2.0435214,0.6127123
c_1_44_299,2.3155792,0.5732483
c_1_44_301,1.8222538,-0.833076
c_1_44_302,1.8770204,-0.5209384
c_1_44_303,-0.20842978,-0.090895176
c_1_44_304,-2.253277,-0.13482222
c_1_44_305,-1.8588487,0.33973783
c_1_44_306,1.217783,0.04212959
c_1_44_308,2.1414204,-0.36255196
c_1_44_309,1.186262,0.11246364
c_1_44_310,-2.7113223,0.82579786
c_1_44_311,-1.5885137,-1.1942526
c_1_44_312,-2.6285315,-2.319761
c_1_44_313,1.0920136,0.24140792
c_1_44_314,-2.7302165,0.040817495
c_1_44_315,0.8790376,0.460107
c_1_44_316,-0.70279145,1.4034896
c_1_44_318,-0.27898443,-1.2296073
c_1_44_319,-1.0996132,0.085365064
c_1_44_320,1.7590113,1.64711
c_1_44_321,-0.9766766,-1.0931622
c_1_44_322,3.1520786,-0.65116024
c_1_44_323,-2.7287025,-1.5876334
c_1_44_324,3.0318072,-0.09995307
c_1_44_325,-4.123163,8.6391325
c_1_44_326,2.6544561,-1.5779253
c_1_44_327,3.133655,-0.08923459
c_1_44_328,-2.8916647,-0.3497608
c_1_44_329,-0.7061035,-3.5388367
c_1_44_330,0.90149826,1.056973
c_1_44_331,2.7750258,-0.5246196
c_1_44_332,-1.3755686,-0.7237916
c_1_44_333,2.1688478,-0.6497119
c_1_44_335,2.8244915,-0.83934337
c_1_44_336,-1.8919921,6.549655
c_1_44_337,-4.292359,-1.1953725
c_1_44_338,1.837583,0.41983765
c_1_44_339,1.9392227,1.4126408
c_1_44_340,1.4573091,0.50170976
c_1_44_341,-2.0980735,-1.3539296
c_1_44_342,1.6356853,0.109172024
c_1_44_343,-3.0386338,-6.0851226
c_1_44_344,-0.67132485,0.8253404
c_1_44_346,-3.9495716,0.76374346
c_1_44_348,-1.392583,0.52178913
c_1_44_349,-2.1140966,1.5573351
c_1_44_350,-0.087711975,-0.7135553
c_1_44_351,2.2165444,0.3339629
c_1_44_353,0.6540265,-0.39394704
c_1_44_354,0.23299576,0.97834617
c_1_44_355,-1.2257903,-0.90031666
c_1_44_356,0.9768581,0.02031103
c_1_44_358,0.9194348,-0.15631983
c_1_44_359,-1.9051853,-1.1615152
c_1_44_360,4.1360073,2.1716864
c_1_44_361,-1.8662013,0.415428
c_1_44_363,2.367742,0.63616276
c_1_44_364,-1.4950764,2.4971642
c_1_44_365,-2.0586715,-0.5882768
c_1_44_366,3.3882084,0.048626803
c_1_44_367,0.9312439,0.1380499
c_1_44_368,0.09812275,-0.42143828
c_1_44_369,0.5542877,-0.8197585
c_1_44_370,2.0459974,1.5080097
c_1_44_371,-4.7009726,-0.75373507
c_1_44_372,0.8213221,0.98770076
c_1_44_374,-0.88746804,0.9077173
c_1_44_376,1.2389505,1.8209487
c_1_44_377,0.24472742,-1.0416677
c_1_44_378,-0.92143685,-0.044036273
c_1_44_379,1.262802,-0.9110501
c_1_44_381,0.5461256,-0.29009017
c_1_44_382,2.1223578,0.20195906
c_1_44_384,-0.3760024,0.11494298
c_1_44_385,0.6455291,-0.22491944
c_1_44_386,0.77162784,-1.7954112
c_1_44_387,-1.5044831,1.9079608
c_1_44_388,-4.9934897,1.0438958
c_1_44_389,-2.8129299,-0.4159263
c_1_44_390,-1.3056041,1.6335853
c_1_44_391,2.206909,-1.0533228
c_1_44_392,-0.5600868,0.56435007
c_1_44_393,0.9749872,-0.65813667
c_1_44_394,1.4910662,-0.3603376
c_1_44_395,0.9996795,0.87321
c_1_44_396,-3.3507931,0.37740758
c_1_44_397,-1.6899858,-2.6549122
c_1_44_398,1.221697,-2.7000036
c_1_44_399,-0.6173015,-1.4026738
c_1_44_400,-3.3777468,-0.4782398
c_1_44_401,-0.7164931,4.5068626
c_1_44_402,-1.532975,0.6812796
c_1_44_404,-1.6773145,-0.27409402
c_1_44_405,3.7920513,-0.3246889
c_1_44_407,-3.0268223,-0.82623416
c_1_44_408,1.592681,0.013524537
c_1_44_410,1.513405,0.24290876
c_1_44_412,1.3979357,1.4631865
c_1_44_413,4.372072,-0.06786171
c_1_44_415,1.5741796,-0.89669776
c_1_44_416,-1.7066866,-0.5929336
c_1_44_417,1.140521,0.17255782
c_1_44_418,1.4579144,0.49703833
c_1_44_419,-0.88424844,-0.5821398
c_1_44_420,-2.446919,1.4824312
c_1_44_422,1.5189553,0.9609376
c_1_44_423,0.5659243,-0.020617172
c_1_44_424,-2.1182568,2.0658166
c_1_44_425,-1.9400852,-0.17313148
c_1_44_426,-1.5894372,1.3375672
c_1_44_427,-3.127704,-1.3137931
c_1_44_428,1.047451,1.1011688
c_1_44_429,-0.49933505,-0.5605217
c_1_44_430,1.312376,-1.2474905
c_1_44_431,1.1194992,1.3305954
c_1_44_433,1.8590589,1.1585541
c_1_44_434,0.7753629,0.09693656
c_1_44_436,0.5776121,-1.4560292
c_1_44_437,-2.6470904,-1.4634761
c_1_44_438,-2.134057,2.6056783
c_1_44_439,-2.4793198,-3.9358337
c_1_44_441,1.3873901,-0.2145652
c_1_44_444,-0.45569032,-3.9904547
c_1_45_1,3.0284486,-0.2814607
c_1_45_2,-1.1753782,-0.3782889
c_1_45_3,-1.1167508,-1.8178453
c_1_45_4,-3.1453218,-2.7592728
c_1_45_5,-4.786856,2.912259
c_1_45_6,1.3334068,-0.04998083
c_1_45_7,0.8141355,0.29190722
c_1_45_8,-3.804901,4.707798
c_1_45_9,-1.756247,-3.6909008
c_1_45_11,0.5524506,-1.4041032
c_1_45_12,1.267098,0.9459136
c_1_45_14,0.96593636,-1.7510409
c_1_45_15,1.4817399,-1.0661688
c_1_45_17,-0.21575683,-1.3345536
c_1_45_18,0.48545277,-1.0931156
c_1_45_20,-2.5163836,-1.9983541
c_1_45_22,0.36454022,0.83616954
c_1_45_23,-1.9053357,-0.52508694
c_1_45_25,0.58713025,0.5530716
c_1_45_26,0.39918953,-0.50585365
c_1_45_27,0.8392772,1.203709
c_1_45_28,1.9725477,-0.4564782
c_1_45_29,-1.6190891,-0.9078084
c_1_45_30,2.199047,-0.15285785
c_1_45_31,-1.6658822,-0.402187
c_1_45_32,-1.3927932,-0.46078923
c_1_45_33,-2.6259027,-2.915875
c_1_45_34,-0.8164647,0.078423135
c_1_45_35,-0.1524544,1.7880507
c_1_45_36,0.5708542,-1.0214807
c_1_45_37,0.6085537,-1.7327309
c_1_45_39,-1.2731975,0.9863604
c_1_45_40,-1.3198643,-1.4400477
c_1_45_41,-0.81800956,-0.2981433
c_1_45_43,-1.7167462,5.399342
c_1_45_44,-2.275446,0.093294814
c_1_45_45,-0.063369825,-0.93870884
c_1_45_46,-0.3208812,0.8112528
c_1_45_47,-1.0626295,-0.91397774
c_1_45_48,2.2019377,0.080690436
c_1_45_49,-2.1078863,0.5638607
c_1_45_50,-3.4394195,-0.6668863
c_1_45_51,1.1547887,-2.0733595
c_1_45_52,-1.0483474,-1.5958385
c_1_45_53,-2.0306392,-1.8028703
c_1_45_54,-1.3509154,-1.4756436
c_1_45_55,2.7567234,-0.78224546
c_1_45_56,-0.8146162,0.52162343
c_1_45_58,-1.6522264,0.2945815
c_1_45_59,0.6304656,0.18926424
c_1_45_60,-1.1417456,1.7556279
c_1_45_61,-0.5108187,0.12847191
c_1_45_62,0.7314333,-1.8633294
c_1_45_63,-2.3582745,-1.2253752
c_1_45_64,-3.3629253,-0.708845
c_1_45_65,2.6098766,-0.37685314
c_1_45_66,-1.3976818,0.37168851
c_1_45_67,-4.2767205,2.1204743
c_1_45_69,-3.8481054,-0.41801986
c_1_45_70,-1.7862482,-0.40673164
c_1_45_71,3.0704353,2.0863445
c_1_45_72,-1.162246,0.24409917
c_1_45_73,-1.743419,-1.6593177
c_1_45_74,-0.40886265,-0.1988002
c_1_45_75,2.1018882,0.64519835
c_1_45_76,3.3158257,-1.370115
c_1_45_77,-2.260471,-1.1949488
c_1_45_78,-3.565641,0.88251513
c_1_45_79,-2.1165636,-1.7543659
c_1_45_80,2.5740104,-0.17798197
c_1_45_81,-1.5009493,-0.36984852
c_1_45_82,-0.5186764,-0.0074932943
c_1_45_83,-4.0092063,1.2681677
c_1_45_84,0.37974277,-2.1671994
c_1_45_85,-3.684122,0.3765968
c_1_45_86,-0.5321434,-0.3895299
c_1_45_87,-2.2221131,0.80972224
c_1_45_88,-2.5518985,-0.45527005
c_1_45_90,-0.271965,-1.4365227
c_1_45_91,0.95555365,0.57702225
c_1_45_92,1.1820794,0.27582112
c_1_45_93,-0.8396697,-0.9749707
c_1_45_94,-3.1106555,-3.1438246
c_1_45_95,-0.29553738,2.2908337
c_1_45_96,-0.20885845,0.063147664
c_1_45_97,-1.6412218,-0.17256074
c_1_45_99,-5.103841,1.3227948
c_1_45_100,-1.9391207,2.1524901
c_1_45_101,1.2691857,0.43612698
c_1_45_102,-0.7062699,5.283772
c_1_45_103,-0.54975104,-0.67612743
c_1_45_104,-0.29116452,-2.066015
c_1_45_105,-2.207169,-1.2696223
c_1_45_106,-1.8215448,-1.1317576
c_1_45_107,-1.7933317,-2.1368132
c_1_45_109,-2.1032102,-0.8612336
c_1_45_110,1.074921,0.03704244
c_1_45_111,-4.025739,0.32899022
c_1_45_113,0.6028043,-1.3801298
c_1_45_114,-0.21001475,-0.09693669
c_1_45_115,1.2758586,-0.3542
c_1_45_116,0.14456351,0.89984345
c_1_45_117,-1.0678838,-1.0845289
c_1_45_120,1.3582635,-1.0558667
c_1_45_122,-1.2239023,-0.32646313
c_1_45_123,-1.0793128,0.12085942
c_1_45_124,-1.440398,0.09130507
c_1_45_125,-1.9114386,-0.60980135
c_1_45_126,0.68971777,-2.0215282
c_1_45_127,0.37926525,-0.75617784
c_1_45_128,1.1657104,0.17404889
c_1_45_129,2.204204,-0.8437703
c_1_45_130,0.44936663,-0.42175737
c_1_45_131,1.9236369,-0.007828147
c_1_45_133,1.4073542,0.16712303
c_1_45_134,2.2283797,-1.0691763
c_1_45_135,-1.3083663,0.087407604
c_1_45_136,0.42183685,1.5683525
c_1_45_137,-2.1426923,-0.35578302
c_1_45_139,-1.0790621,-2.1310813
c_1_45_140,0.86072975,1.7903821
c_1_45_141,4.7829447,-0.23909232
c_1_45_142,-3.437153,-3.1840699
c_1_45_143,-1.6174946,1.4461443
c_1_45_144,1.103971,-0.66739124
c_1_45_145,1.222544,0.7925237
c_1_45_146,0.22528872,-1.0128707
c_1_45_147,-1.1786153,1.3181616
c_1_45_148,-1.1067551,-0.94803286
c_1_45_149,0.9782431,-3.1706276
c_1_45_150,-1.5101099,1.9064838
c_1_45_151,-2.167911,1.7775254
c_1_45_152,0.3923733,-0.014096051
c_1_45_153,0.66632026,0.7250037
c_1_45_154,2.739782,0.19093539
c_1_45_155,0.9189375,-0.5530867
c_1_45_156,1.1237304,-0.03252197
c_1_45_157,1.6686444,1.059988
c_1_45_158,-1.6056232,-0.076358944
c_1_45_159,2.1299484,-0.4735725
c_1_45_161,1.1818985,0.7917957
c_1_45_162,-0.09199247,0.50192773
c_1_45_163,1.6631696,-0.028564852
c_1_45_165,-2.888717,1.3000234
c_1_45_166,1.1740289,0.439312
c_1_45_167,1.1421078,0.39778814
c_1_45_168,0.3903372,0.32590634
c_1_45_169,0.69146293,0.4543507
c_1_45_170,1.1790478,0.048419714
c_1_45_171,1.0902532,1.4450467
c_1_45_172,0.3307807,0.35524026
c_1_45_173,1.9965582,-0.502466
c_1_45_174,2.0437224,-0.01762632
c_1_45_175,3.0034292,-0.7577625
c_1_45_176,0.65492755,-0.9673342
c_1_45_177,-0.530441,2.389239
c_1_45_178,2.9914474,-2.210446
c_1_45_179,1.0691314,-0.20637655
c_1_45_180,-4.3926973,-0.45529088
c_1_45_181,-0.75955194,-0.7274272
c_1_45_182,1.3645302,1.0079874
c_1_45_183,-1.317646,-0.038207896
c_1_45_184,-0.0537113,-0.02868104
c_1_45_185,-2.799839,1.0513847
c_1_45_189,2.5814488,-2.40727
c_1_45_190,2.2709532,0.7701
c_1_45_191,1.4246118,0.5319742
c_1_45_192,2.1126966,0.6152201
c_1_45_193,-2.005527,0.1697879
c_1_45_194,1.9008416,-0.79986316
c_1_45_195,-1.5928277,-0.6700685
c_1_45_197,2.2485416,-0.2673778
c_1_45_198,-0.4795043,0.7695898
c_1_45_202,-0.69991887,1.3621869
c_1_45_203,-2.0785773,-0.04592398
c_1_45_206,-1.2722262,-1.9384397
c_1_45_208,3.1647034,-0.087824166
c_1_45_209,1.4045794,2.0466614
c_1_45_210,-1.5685116,-1.8569499
c_1_45_211,3.5637496,-0.03270518
c_1_45_212,1.6263145,0.2464381
c_1_45_213,1.7643839,0.96548146
c_1_45_215,1.7722243,0.52540654
c_1_45_217,1.3372236,-1.7285913
c_1_45_218,-0.015020457,-1.8839502
c_1_45_220,1.7927465,-1.0254773
c_1_45_221,1.1946152,0.83553344
c_1_45_223,0.9599643,0.14822449
c_1_45_224,-0.99351364,1.4028007
c_1_45_225,0.4339665,-0.8393803
c_1_45_227,-2.636477,-1.559921
c_1_45_228,1.5777076,-0.69935375
c_1_45_229,2.613056,-0.56772125
c_1_45_230,0.14860325,-0.33167002
c_1_45_231,2.138221,0.2728301
c_1_45_232,0.57448506,0.80194056
c_1_45_233,0.9370435,-0.60381645
c_1_45_234,2.3807385,-0.1557542
c_1_45_235,1.1976769,-1.199242
c_1_45_236,2.471772,-0.40273917
c_1_45_238,0.057234142,0.80866
c_1_45_239,-0.36655596,-2.3677227
c_1_45_240,2.610668,0.008275889
c_1_45_241,1.6093317,0.27343437
c_1_45_242,0.36407536,-0.7759259
c_1_45_243,-0.10952015,0.0041701947
c_1_45_244,-0.56680757,1.2213199
c_1_45_245,-1.6081104,-2.3307636
c_1_45_246,-2.019219,-1.5475236
c_1_45_248,0.13509883,-0.16420996
c_1_45_249,0.79702467,-0.5651319
c_1_45_251,1.2454662,-0.1332353
c_1_45_252,-1.9389836,-0.36115918
c_1_45_253,-0.6253283,1.1051399
c_1_45_254,0.48314315,0.578303
c_1_45_255,-0.98275024,-1.2816848
c_1_45_256,-2.602198,0.25884065
c_1_45_257,2.9220858,-1.1319644
c_1_45_259,-2.173936,1.7586621
c_1_45_260,0.08917,-0.82182354
c_1_45_261,2.0640678,-1.0263683
c_1_45_262,0.18053505,-1.1424938
c_1_45_263,-1.7020981,-1.2928004
c_1_45_264,2.3401713,0.7534659
c_1_45_266,-1.068972,-1.5455056
c_1_45_267,1.8655001,0.082229145
c_1_45_268,-2.7781942,0.52189106
c_1_45_269,-1.7233547,1.3147913
c_1_45_270,0.56538826,-1.8798568
c_1_45_271,3.5441175,-0.28970706
c_1_45_273,3.2709918,-0.8618017
c_1_45_274,0.54283315,0.67282706
c_1_45_275,3.041255,-0.8677252
c_1_45_276,1.2059642,0.43253723
c_1_45_277,-0.24410328,-0.36843258
c_1_45_278,0.48778558,0.8920138
c_1_45_279,2.661488,0.6407798
c_1_45_280,4.00884,0.5119735
c_1_45_281,1.4369963,-0.40343344
c_1_45_282,-4.33452,0.36401504
c_1_45_283,-1.5051457,0.18517154
c_1_45_284,1.7343615,0.75091606
c_1_45_285,1.8531737,-0.60698336
c_1_45_286,-1.6106496,-0.024040915
c_1_45_288,2.5612655,0.3419735
c_1_45_289,-1.8482386,-2.7403967
c_1_45_290,1.1981295,-0.3463029
c_1_45_292,-1.097412,0.89041317
c_1_45_293,1.599696,-0.3753421
c_1_45_294,-0.019959504,0.41718996
c_1_45_296,-2.013095,1.4903743
c_1_45_297,2.139895,-0.46814704
c_1_45_298,1.0307513,0.41851804
c_1_45_299,1.2386712,0.20030575
c_1_45_301,2.4044466,-2.6021655
c_1_45_303,2.0828967,-0.85173535
c_1_45_304,-0.52925813,0.9515601
c_1_45_305,1.034414,1.605987
c_1_45_306,2.054341,-0.6041928
c_1_45_307,2.5444732,1.8240072
c_1_45_308,0.45384777,-1.4579915
c_1_45_309,0.502756,-0.5747829
c_1_45_310,0.50998175,-1.0247146
c_1_45_312,0.36773294,-0.79552746
c_1_45_313,-3.817105,2.1176753
c_1_45_314,-3.8098752,1.671984
c_1_45_316,-0.88640004,-2.5453942
c_1_45_317,1.1001232,1.2134923
c_1_45_318,1.0574697,0.33435056
c_1_45_319,3.4055092,-0.24407935
c_1_45_320,2.1540453,1.6408323
c_1_45_321,1.2020881,0.07146511
c_1_45_322,1.291126,-0.06259164
c_1_45_323,-0.24559146,0.8468174
c_1_45_325,1.7481482,1.4482027
c_1_45_326,1.0375848,0.68268836
c_1_45_327,1.3381565,-2.1814742
c_1_45_328,-4.8072147,-2.5065181
c_1_45_329,-0.69987243,-1.1598374
c_1_45_330,2.2047367,-0.13901378
c_1_45_331,-1.4334381,0.39279827
c_1_45_332,1.9769361,-1.5152322
c_1_45_333,3.0239255,0.9901326
c_1_45_334,3.5280132,-0.73638994
c_1_45_335,1.342633,0.19368838
c_1_45_336,1.4840822,0.04700452
c_1_45_337,2.4149983,1.7116412
c_1_45_338,0.9252349,1.2138891
c_1_45_339,1.6824286,0.05753344
c_1_45_341,1.0969968,-0.07538734
c_1_45_342,1.2710625,0.759102
c_1_45_343,0.39281997,-1.1543548
c_1_45_344,3.858063,-0.94681424
c_1_45_345,-2.6202621,0.36225167
c_1_45_346,1.7970442,0.26835918
c_1_45_347,0.35462543,-0.042292826
c_1_45_348,1.0670831,0.5395188
c_1_45_349,0.63855,-0.09893552
c_1_45_350,2.5872145,-0.251699
c_1_45_351,0.9311298,0.66380966
c_1_45_352,1.1139019,0.591726
c_1_45_353,-0.15330678,0.5533165
c_1_45_354,1.4665406,0.9523067
c_1_45_355,1.2905915,1.4580523
c_1_45_356,-1.52593,1.022538
c_1_45_357,1.1698295,0.26915663
c_1_45_358,2.2769887,0.013778718
c_1_45_359,0.41648462,-0.15567091
c_1_45_360,3.06647,3.0804827
c_1_45_361,-1.2838342,-0.8539612
c_1_45_363,1.6537472,1.1411499
c_1_45_364,3.0575774,-0.54313076
c_1_45_365,0.19761643,-1.8956814
c_1_45_366,-5.678847,-2.9449065
c_1_45_367,0.8211511,0.7930995
c_1_45_368,2.4009597,0.48663813
c_1_45_369,-2.9109633,1.3387072
c_1_45_370,-2.604593,-4.8613153
c_1_45_371,3.2791955,1.0900714
c_1_45_372,-2.9792194,0.25655365
c_1_45_373,0.81864876,-0.18796062
c_1_45_374,-0.586075,0.15921326
c_1_45_375,-4.5816965,-0.17759076
c_1_45_376,-2.427908,2.3657842
c_1_45_378,-2.4949608,-1.1849265
c_1_45_379,-1.6676135,-0.7528613
c_1_45_380,3.0029147,0.69935966
c_1_45_381,-0.42770866,0.07770511
c_1_45_382,1.0649593,-1.0948379
c_1_45_383,1.4508343,0.9840338
c_1_45_384,2.561343,3.6146514
c_1_45_386,1.3745552,0.36146653
c_1_45_387,2.2789645,-0.858455
c_1_45_388,-0.59856087,-1.1161957
c_1_45_389,-0.98779744,-1.9403049
c_1_45_390,-1.5562798,-1.1666123
c_1_45_391,0.11613374,-1.1488252
c_1_45_392,0.5694825,-0.37844482
c_1_45_393,3.1274416,0.1530959
c_1_45_394,0.2937982,0.7280307
c_1_45_396,2.5174725,-0.0029400985
c_1_45_397,-2.9318316,0.025883814
c_1_45_398,0.17766695,0.92436033
c_1_45_399,-1.2414762,-1.998952
c_1_45_400,0.9423588,0.4999608
c_1_45_401,-0.11700867,-0.1676986
c_1_45_402,1.911816,-1.0354776
c_1_45_403,0.9382695,0.20488694
c_1_45_404,-0.031212287,0.12564547
c_1_45_405,-0.18517059,2.3124096
c_1_45_406,-0.5157796,-0.21865505
c_1_45_407,0.43108693,1.7588158
c_1_45_408,-0.8938772,0.68889874
c_1_45_409,1.0115416,-1.2232658
c_1_45_410,0.73331296,0.9680955
c_1_45_411,2.6519804,0.4925577
c_1_45_412,1.3200219,-0.9687359
c_1_45_413,-0.89077115,0.046937637
