cell_id,cell_type
c_1_39_1,Neuronal-Glial
c_1_39_2,Lymphoid-Other
c_1_39_4,Lymphoid-Other
c_1_39_5,Lymphoid-Other
c_1_39_6,Neuronal-Glial
c_1_39_7,Mesenchymal-Stromal
c_1_39_8,Mesenchymal-Stromal
c_1_39_9,Lymphoid-T
c_1_39_10,Neuronal-Glial
c_1_39_11,Lymphoid-Other
c_1_39_12,Mesenchymal-Stromal
c_1_39_13,Mesenchymal-Stromal
c_1_39_14,Neuronal-Glial
c_1_39_15,Lymphoid-Other
c_1_39_16,Mesenchymal-Stromal
c_1_39_17,Mesenchymal-Stromal
c_1_39_18,Lymphoid-Other
c_1_39_19,Mesenchymal-Stromal
c_1_39_20,Endothelial
c_1_39_21,Mesenchymal-Stromal
c_1_39_22,Neuronal-Glial
c_1_39_23,Mesenchymal-Stromal
c_1_39_24,Mesenchymal-Stromal
c_1_39_25,Neuronal-Glial
c_1_39_26,Neuronal-Glial
c_1_39_27,Mesenchymal-Stromal
c_1_39_28,Mesenchymal-Stromal
c_1_39_29,Neuronal-Glial
c_1_39_30,Lymphoid-Other
c_1_39_31,Mesenchymal-Stromal
c_1_39_32,Mesenchymal-Stromal
c_1_39_33,Mesenchymal-Stromal
c_1_39_34,Mesenchymal-Stromal
c_1_39_35,Neuronal-Glial
c_1_39_36,Mesenchymal-Stromal
c_1_39_37,Mesenchymal-Stromal
c_1_39_38,Myeloid
c_1_39_39,Lymphoid-DC
c_1_39_40,Mesenchymal-Stromal
c_1_39_41,Neuronal-Glial
c_1_39_44,Mesenchymal-Stromal
c_1_39_45,Mesenchymal-Stromal
c_1_39_46,Endothelial
c_1_39_47,Endothelial
c_1_39_48,Endothelial
c_1_39_49,Mesenchymal-Stromal
c_1_39_50,Mesenchymal-Stromal
c_1_39_51,Myeloid
c_1_39_52,Lymphoid-Other
c_1_39_53,Lymphoid-Other
c_1_39_54,Mesenchymal-Stromal
c_1_39_55,Lymphoid-Other
c_1_39_56,Mesenchymal-Stromal
c_1_39_59,Mesenchymal-Stromal
c_1_39_62,Mesenchymal-Stromal
c_1_39_63,Mesenchymal-Stromal
c_1_39_64,Neuronal-Glial
c_1_39_65,Mesenchymal-Stromal
c_1_39_66,Endothelial
c_1_39_67,Mesenchymal-Stromal
c_1_39_68,Mesenchymal-Stromal
c_1_39_69,Mesenchymal-Stromal
c_1_39_70,Mesenchymal-Stromal
c_1_39_71,Mesenchymal-Stromal
c_1_39_72,Mesenchymal-Stromal
c_1_39_73,Mesenchymal-Stromal
c_1_39_74,Mesenchymal-Stromal
c_1_39_75,Mesenchymal-Stromal
c_1_39_76,Mesenchymal-Stromal
c_1_39_77,Mesenchymal-Stromal
c_1_39_78,Mesenchymal-Stromal
c_1_39_79,Mesenchymal-Stromal
c_1_39_80,Neuronal-Glial
c_1_39_81,Mesenchymal-Stromal
c_1_39_82,Mesenchymal-Stromal
c_1_39_83,Mesenchymal-Stromal
c_1_39_84,Mesenchymal-Stromal
c_1_39_85,Mesenchymal-Stromal
c_1_39_86,Mesenchymal-Stromal
c_1_39_87,Mesenchymal-Stromal
c_1_39_88,Mesenchymal-Stromal
c_1_39_89,Mesenchymal-Stromal
c_1_39_90,Mesenchymal-Stromal
c_1_39_91,Lymphoid-DC
c_1_39_92,Mesenchymal-Stromal
c_1_39_93,Mesenchymal-Stromal
c_1_39_94,Mesenchymal-Stromal
c_1_39_95,Mesenchymal-Stromal
c_1_39_96,Mesenchymal-Stromal
c_1_39_97,Lymphoid-Other
c_1_39_98,Mesenchymal-Stromal
c_1_39_99,Mesenchymal-Stromal
c_1_39_100,Mesenchymal-Stromal
c_1_39_101,Mesenchymal-Stromal
c_1_39_103,Mesenchymal-Stromal
c_1_39_104,Mesenchymal-Stromal
c_1_39_105,Mesenchymal-Stromal
c_1_39_106,Mesenchymal-Stromal
c_1_39_107,Lymphoid-Other
c_1_39_108,Mesenchymal-Stromal
c_1_39_109,Mesenchymal-Stromal
c_1_39_110,Mesenchymal-Stromal
c_1_39_111,Mesenchymal-Stromal
c_1_39_112,Epithelial
c_1_39_113,Mesenchymal-Stromal
c_1_39_114,Mesenchymal-Stromal
c_1_39_115,Mesenchymal-Stromal
c_1_39_116,Mesenchymal-Stromal
c_1_39_117,Mesenchymal-Stromal
c_1_39_118,Lymphoid-Other
c_1_39_119,Mesenchymal-Stromal
c_1_39_120,Mesenchymal-Stromal
c_1_39_121,Mesenchymal-Stromal
c_1_39_122,Myeloid
c_1_39_123,Mesenchymal-Stromal
c_1_39_124,Mesenchymal-Stromal
c_1_39_125,Lymphoid-DC
c_1_39_126,Mesenchymal-Stromal
c_1_39_127,Mesenchymal-Stromal
c_1_39_128,Mesenchymal-Stromal
c_1_39_129,Neuronal-Glial
c_1_39_130,Mesenchymal-Stromal
c_1_39_132,Mesenchymal-Stromal
c_1_39_133,Mesenchymal-Stromal
c_1_39_134,Mesenchymal-Stromal
c_1_39_135,Mesenchymal-Stromal
c_1_39_137,Mesenchymal-Stromal
c_1_39_138,Lymphoid-Other
c_1_39_139,Lymphoid-T
c_1_39_140,Myeloid
c_1_39_141,Mesenchymal-Stromal
c_1_39_142,Mesenchymal-Stromal
c_1_39_143,Mesenchymal-Stromal
c_1_39_144,Endothelial
c_1_39_145,Lymphoid-T
c_1_39_146,Lymphoid-DC
c_1_39_147,Endothelial
c_1_39_148,Neuronal-Glial
c_1_39_149,Mesenchymal-Stromal
c_1_39_150,Neuronal-Glial
c_1_39_151,Erythroid
c_1_39_152,Mesenchymal-Stromal
c_1_39_153,Lymphoid-Other
c_1_39_154,Neuronal-Glial
c_1_39_155,Mesenchymal-Stromal
c_1_39_156,Mesenchymal-Stromal
c_1_39_157,Lymphoid-Other
c_1_39_158,Mesenchymal-Stromal
c_1_39_159,Mesenchymal-Stromal
c_1_39_160,Lymphoid-Other
c_1_39_161,Mesenchymal-Stromal
c_1_39_162,Endothelial
c_1_39_164,Mesenchymal-Stromal
c_1_39_166,Mesenchymal-Stromal
c_1_39_168,Myeloid
c_1_39_170,Mesenchymal-Stromal
c_1_39_171,Myeloid
c_1_39_172,Mesenchymal-Stromal
c_1_39_173,Mesenchymal-Stromal
c_1_39_174,Mesenchymal-Stromal
c_1_39_175,Lymphoid-Other
c_1_39_177,Mesenchymal-Stromal
c_1_39_178,Lymphoid-Other
c_1_39_179,Mesenchymal-Stromal
c_1_39_180,Lymphoid-Other
c_1_39_181,Endothelial
c_1_39_182,Mesenchymal-Stromal
c_1_39_183,Mesenchymal-Stromal
c_1_39_184,Myeloid
c_1_39_185,Lymphoid-Other
c_1_39_187,Neuronal-Glial
c_1_39_188,Mesenchymal-Stromal
c_1_39_189,Endothelial
c_1_39_190,Mesenchymal-Stromal
c_1_39_192,Lymphoid-DC
c_1_39_193,Mesenchymal-Stromal
c_1_39_194,Mesenchymal-Stromal
c_1_39_195,Mesenchymal-Stromal
c_1_39_196,Endothelial
c_1_39_197,Mesenchymal-Stromal
c_1_39_198,Mesenchymal-Stromal
c_1_39_200,Mesenchymal-Stromal
c_1_39_201,Neuronal-Glial
c_1_39_202,Neuronal-Glial
c_1_39_203,Mesenchymal-Stromal
c_1_39_204,Mesenchymal-Stromal
c_1_39_205,Mesenchymal-Stromal
c_1_39_206,Mesenchymal-Stromal
c_1_39_207,Lymphoid-Other
c_1_39_208,Mesenchymal-Stromal
c_1_39_209,Mesenchymal-Stromal
c_1_39_211,Mesenchymal-Stromal
c_1_39_214,Lymphoid-Other
c_1_39_215,Mesenchymal-Stromal
c_1_39_217,Mesenchymal-Stromal
c_1_39_218,Mesenchymal-Stromal
c_1_39_220,Mesenchymal-Stromal
c_1_39_221,Mesenchymal-Stromal
c_1_39_222,Mesenchymal-Stromal
c_1_39_223,Mesenchymal-Stromal
c_1_39_224,Mesenchymal-Stromal
c_1_39_225,Lymphoid-Other
c_1_39_227,Lymphoid-Other
c_1_39_228,Mesenchymal-Stromal
c_1_39_229,Mesenchymal-Stromal
c_1_39_230,Mesenchymal-Stromal
c_1_39_232,Neuronal-Glial
c_1_39_234,Mesenchymal-Stromal
c_1_39_236,Lymphoid-Other
c_1_39_237,Mesenchymal-Stromal
c_1_39_238,Mesenchymal-Stromal
c_1_39_239,Mesenchymal-Stromal
c_1_39_240,Mesenchymal-Stromal
c_1_39_241,Mesenchymal-Stromal
c_1_39_242,Mesenchymal-Stromal
c_1_39_243,Mesenchymal-Stromal
c_1_39_244,Neuronal-Glial
c_1_39_246,Mesenchymal-Stromal
c_1_39_247,Mesenchymal-Stromal
c_1_39_248,Mesenchymal-Stromal
c_1_39_249,Mesenchymal-Stromal
c_1_39_250,Mesenchymal-Stromal
c_1_39_251,Lymphoid-Other
c_1_39_252,Lymphoid-DC
c_1_39_253,Mesenchymal-Stromal
c_1_39_254,Mesenchymal-Stromal
c_1_39_257,Mesenchymal-Stromal
c_1_39_258,Lymphoid-Other
c_1_39_259,Myeloid
c_1_39_260,Mesenchymal-Stromal
c_1_39_261,Neuronal-Glial
c_1_39_262,Mesenchymal-Stromal
c_1_39_263,Mesenchymal-Stromal
c_1_39_264,Lymphoid-Other
c_1_39_265,Mesenchymal-Stromal
c_1_39_266,Neuronal-Glial
c_1_39_267,Lymphoid-Other
c_1_39_269,Mesenchymal-Stromal
c_1_39_270,Mesenchymal-Stromal
c_1_39_271,Mesenchymal-Stromal
c_1_39_273,Mesenchymal-Stromal
c_1_39_276,Mesenchymal-Stromal
c_1_39_277,Mesenchymal-Stromal
c_1_39_278,Lymphoid-Other
c_1_39_279,Mesenchymal-Stromal
c_1_39_280,Mesenchymal-Stromal
c_1_39_281,Mesenchymal-Stromal
c_1_39_282,Mesenchymal-Stromal
c_1_39_283,Mesenchymal-Stromal
c_1_39_284,Mesenchymal-Stromal
c_1_39_286,Mesenchymal-Stromal
c_1_39_287,Mesenchymal-Stromal
c_1_39_289,Mesenchymal-Stromal
c_1_39_290,Mesenchymal-Stromal
c_1_39_291,Mesenchymal-Stromal
c_1_39_292,Mesenchymal-Stromal
c_1_39_293,Mesenchymal-Stromal
c_1_39_295,Lymphoid-Other
c_1_39_296,Myeloid
c_1_39_297,Mesenchymal-Stromal
c_1_39_298,Mesenchymal-Stromal
c_1_39_299,Mesenchymal-Stromal
c_1_39_300,Lymphoid-Other
c_1_39_301,Mesenchymal-Stromal
c_1_39_302,Mesenchymal-Stromal
c_1_39_303,Mesenchymal-Stromal
c_1_39_304,Mesenchymal-Stromal
c_1_39_305,Mesenchymal-Stromal
c_1_39_306,Lymphoid-Other
c_1_39_308,Mesenchymal-Stromal
c_1_39_309,Mesenchymal-Stromal
c_1_39_310,Lymphoid-Other
c_1_39_312,Mesenchymal-Stromal
c_1_39_314,Lymphoid-T
c_1_39_315,Mesenchymal-Stromal
c_1_39_316,Mesenchymal-Stromal
c_1_39_317,Mesenchymal-Stromal
c_1_39_318,Mesenchymal-Stromal
c_1_39_319,Mesenchymal-Stromal
c_1_39_320,Mesenchymal-Stromal
c_1_39_322,Mesenchymal-Stromal
c_1_39_323,Mesenchymal-Stromal
c_1_39_324,Mesenchymal-Stromal
c_1_39_325,Mesenchymal-Stromal
c_1_39_327,Mesenchymal-Stromal
c_1_39_328,Mesenchymal-Stromal
c_1_39_330,Mesenchymal-Stromal
c_1_39_331,Mesenchymal-Stromal
c_1_39_333,Mesenchymal-Stromal
c_1_39_334,Mesenchymal-Stromal
c_1_39_335,Mesenchymal-Stromal
c_1_39_336,Mesenchymal-Stromal
c_1_39_337,Mesenchymal-Stromal
c_1_39_339,Mesenchymal-Stromal
c_1_39_341,Mesenchymal-Stromal
c_1_39_342,Mesenchymal-Stromal
c_1_39_343,Mesenchymal-Stromal
c_1_39_345,Mesenchymal-Stromal
c_1_39_347,Lymphoid-Other
c_1_39_348,Mesenchymal-Stromal
c_1_39_349,Lymphoid-Other
c_1_39_351,Mesenchymal-Stromal
c_1_39_352,Mesenchymal-Stromal
c_1_39_353,Mesenchymal-Stromal
c_1_39_354,Mesenchymal-Stromal
c_1_39_356,Endothelial
c_1_39_358,Mesenchymal-Stromal
c_1_39_359,Mesenchymal-Stromal
c_1_39_360,Lymphoid-Other
c_1_39_362,Lymphoid-Other
c_1_39_363,Mesenchymal-Stromal
c_1_39_364,Mesenchymal-Stromal
c_1_39_365,Endothelial
c_1_39_366,Lymphoid-Other
c_1_39_367,Mesenchymal-Stromal
c_1_39_369,Mesenchymal-Stromal
c_1_39_370,Lymphoid-Other
c_1_39_371,Mesenchymal-Stromal
c_1_39_372,Mesenchymal-Stromal
c_1_39_375,Lymphoid-Other
c_1_39_377,Mesenchymal-Stromal
c_1_39_378,Mesenchymal-Stromal
c_1_39_379,Mesenchymal-Stromal
c_1_39_380,Mesenchymal-Stromal
c_1_39_381,Mesenchymal-Stromal
c_1_39_382,Mesenchymal-Stromal
c_1_39_383,Mesenchymal-Stromal
c_1_39_384,Mesenchymal-Stromal
c_1_39_385,Mesenchymal-Stromal
c_1_39_386,Mesenchymal-Stromal
c_1_39_387,Mesenchymal-Stromal
c_1_39_388,Mesenchymal-Stromal
c_1_39_389,Mesenchymal-Stromal
c_1_39_390,Mesenchymal-Stromal
c_1_39_391,Mesenchymal-Stromal
c_1_39_392,Mesenchymal-Stromal
c_1_39_394,Mesenchymal-Stromal
c_1_39_395,Mesenchymal-Stromal
c_1_39_396,Mesenchymal-Stromal
c_1_39_397,Mesenchymal-Stromal
c_1_39_398,Mesenchymal-Stromal
c_1_39_399,Mesenchymal-Stromal
c_1_39_400,Mesenchymal-Stromal
c_1_39_401,Mesenchymal-Stromal
c_1_39_402,Mesenchymal-Stromal
c_1_39_403,Mesenchymal-Stromal
c_1_39_404,Mesenchymal-Stromal
c_1_39_405,Mesenchymal-Stromal
c_1_39_406,Mesenchymal-Stromal
c_1_39_407,Mesenchymal-Stromal
c_1_39_408,Mesenchymal-Stromal
c_1_39_409,Mesenchymal-Stromal
c_1_39_410,Mesenchymal-Stromal
c_1_39_411,Mesenchymal-Stromal
c_1_39_412,Mesenchymal-Stromal
c_1_39_413,Mesenchymal-Stromal
c_1_39_414,Mesenchymal-Stromal
c_1_39_416,Mesenchymal-Stromal
c_1_39_417,Mesenchymal-Stromal
c_1_39_418,Mesenchymal-Stromal
c_1_39_419,Mesenchymal-Stromal
c_1_39_422,Mesenchymal-Stromal
c_1_39_423,Mesenchymal-Stromal
c_1_39_424,Mesenchymal-Stromal
c_1_39_425,Mesenchymal-Stromal
c_1_39_426,Mesenchymal-Stromal
c_1_39_427,Mesenchymal-Stromal
c_1_39_428,Mesenchymal-Stromal
c_1_39_429,Mesenchymal-Stromal
c_1_39_430,Mesenchymal-Stromal
c_1_39_431,Mesenchymal-Stromal
c_1_39_432,Mesenchymal-Stromal
c_1_39_433,Mesenchymal-Stromal
c_1_39_434,Mesenchymal-Stromal
c_1_39_435,Mesenchymal-Stromal
c_1_39_436,Mesenchymal-Stromal
c_1_39_437,Mesenchymal-Stromal
c_1_39_438,Mesenchymal-Stromal
c_1_39_439,Mesenchymal-Stromal
c_1_39_440,Mesenchymal-Stromal
c_1_39_441,Mesenchymal-Stromal
c_1_39_442,Mesenchymal-Stromal
c_1_39_443,Mesenchymal-Stromal
c_1_39_444,Mesenchymal-Stromal
c_1_39_445,Mesenchymal-Stromal
c_1_39_446,Mesenchymal-Stromal
c_1_39_447,Mesenchymal-Stromal
c_1_39_448,Mesenchymal-Stromal
c_1_39_449,Mesenchymal-Stromal
c_1_39_450,Mesenchymal-Stromal
c_1_39_451,Mesenchymal-Stromal
c_1_39_452,Mesenchymal-Stromal
c_1_39_453,Mesenchymal-Stromal
c_1_39_454,Mesenchymal-Stromal
c_1_39_455,Mesenchymal-Stromal
c_1_39_456,Mesenchymal-Stromal
c_1_39_457,Mesenchymal-Stromal
c_1_39_458,Mesenchymal-Stromal
c_1_39_459,Mesenchymal-Stromal
c_1_39_460,Mesenchymal-Stromal
c_1_39_461,Mesenchymal-Stromal
c_1_39_462,Mesenchymal-Stromal
c_1_39_463,Mesenchymal-Stromal
c_1_39_464,Mesenchymal-Stromal
c_1_39_465,Mesenchymal-Stromal
c_1_39_466,Mesenchymal-Stromal
c_1_39_467,Mesenchymal-Stromal
c_1_39_468,Mesenchymal-Stromal
c_1_39_469,Mesenchymal-Stromal
c_1_39_470,Mesenchymal-Stromal
c_1_39_471,Mesenchymal-Stromal
c_1_39_472,Mesenchymal-Stromal
c_1_39_473,Mesenchymal-Stromal
c_1_39_474,Mesenchymal-Stromal
c_1_39_475,Mesenchymal-Stromal
c_1_39_476,Mesenchymal-Stromal
c_1_39_477,Mesenchymal-Stromal
c_1_39_478,Mesenchymal-Stromal
c_1_39_479,Mesenchymal-Stromal
c_1_39_480,Mesenchymal-Stromal
c_1_39_483,Mesenchymal-Stromal
c_1_39_484,Mesenchymal-Stromal
c_1_39_485,Mesenchymal-Stromal
c_1_39_486,Mesenchymal-Stromal
c_1_39_487,Mesenchymal-Stromal
c_1_39_488,Mesenchymal-Stromal
c_1_39_489,Mesenchymal-Stromal
c_1_39_490,Lymphoid-Other
c_1_39_491,Mesenchymal-Stromal
c_1_39_492,Mesenchymal-Stromal
c_1_39_493,Mesenchymal-Stromal
c_1_39_494,Mesenchymal-Stromal
c_1_39_495,Mesenchymal-Stromal
c_1_39_496,Mesenchymal-Stromal
c_1_39_497,Mesenchymal-Stromal
c_1_39_498,Mesenchymal-Stromal
c_1_39_499,Mesenchymal-Stromal
c_1_39_500,Mesenchymal-Stromal
c_1_39_501,Mesenchymal-Stromal
c_1_39_502,Mesenchymal-Stromal
c_1_39_503,Mesenchymal-Stromal
c_1_39_504,Mesenchymal-Stromal
c_1_39_505,Mesenchymal-Stromal
c_1_39_506,Mesenchymal-Stromal
c_1_39_507,Mesenchymal-Stromal
c_1_39_508,Mesenchymal-Stromal
c_1_39_509,Mesenchymal-Stromal
c_1_39_510,Mesenchymal-Stromal
c_1_39_511,Mesenchymal-Stromal
c_1_39_512,Mesenchymal-Stromal
c_1_39_513,Mesenchymal-Stromal
c_1_39_514,Mesenchymal-Stromal
c_1_39_515,Mesenchymal-Stromal
c_1_39_516,Mesenchymal-Stromal
c_1_39_517,Mesenchymal-Stromal
c_1_39_518,Mesenchymal-Stromal
c_1_39_519,Mesenchymal-Stromal
c_1_39_520,Mesenchymal-Stromal
c_1_39_521,Mesenchymal-Stromal
c_1_39_522,Mesenchymal-Stromal
c_1_39_523,Mesenchymal-Stromal
c_1_39_525,Mesenchymal-Stromal
c_1_39_526,Mesenchymal-Stromal
c_1_39_527,Mesenchymal-Stromal
c_1_39_528,Mesenchymal-Stromal
c_1_39_529,Mesenchymal-Stromal
c_1_39_530,Mesenchymal-Stromal
c_1_39_531,Mesenchymal-Stromal
c_1_39_532,Mesenchymal-Stromal
c_1_39_533,Mesenchymal-Stromal
c_1_39_534,Mesenchymal-Stromal
c_1_39_535,Mesenchymal-Stromal
c_1_39_536,Mesenchymal-Stromal
c_1_39_537,Mesenchymal-Stromal
c_1_39_540,Mesenchymal-Stromal
c_1_39_541,Mesenchymal-Stromal
c_1_39_542,Mesenchymal-Stromal
c_1_39_543,Mesenchymal-Stromal
c_1_39_544,Mesenchymal-Stromal
c_1_39_545,Mesenchymal-Stromal
c_1_39_546,Mesenchymal-Stromal
c_1_39_547,Mesenchymal-Stromal
c_1_39_548,Mesenchymal-Stromal
c_1_39_549,Mesenchymal-Stromal
c_1_39_550,Mesenchymal-Stromal
c_1_39_551,Mesenchymal-Stromal
c_1_39_553,Mesenchymal-Stromal
c_1_39_554,Mesenchymal-Stromal
c_1_39_555,Mesenchymal-Stromal
c_1_39_556,Mesenchymal-Stromal
c_1_39_558,Mesenchymal-Stromal
c_1_39_559,Mesenchymal-Stromal
c_1_39_560,Mesenchymal-Stromal
c_1_39_561,Mesenchymal-Stromal
c_1_39_562,Mesenchymal-Stromal
c_1_39_563,Mesenchymal-Stromal
c_1_39_564,Mesenchymal-Stromal
c_1_39_565,Mesenchymal-Stromal
c_1_39_566,Mesenchymal-Stromal
c_1_39_567,Mesenchymal-Stromal
c_1_39_570,Mesenchymal-Stromal
c_1_39_571,Mesenchymal-Stromal
c_1_39_572,Mesenchymal-Stromal
c_1_39_573,Mesenchymal-Stromal
c_1_39_574,Mesenchymal-Stromal
c_1_39_575,Mesenchymal-Stromal
c_1_39_576,Mesenchymal-Stromal
c_1_39_577,Mesenchymal-Stromal
c_1_39_578,Mesenchymal-Stromal
c_1_39_579,Mesenchymal-Stromal
c_1_39_580,Mesenchymal-Stromal
c_1_39_581,Mesenchymal-Stromal
c_1_39_582,Mesenchymal-Stromal
c_1_39_583,Mesenchymal-Stromal
c_1_39_585,Mesenchymal-Stromal
c_1_39_587,Mesenchymal-Stromal
c_1_39_588,Mesenchymal-Stromal
c_1_39_589,Mesenchymal-Stromal
c_1_39_590,Mesenchymal-Stromal
c_1_39_591,Lymphoid-Other
c_1_39_592,Mesenchymal-Stromal
c_1_39_593,Mesenchymal-Stromal
c_1_39_594,Mesenchymal-Stromal
c_1_39_595,Mesenchymal-Stromal
c_1_39_596,Mesenchymal-Stromal
c_1_39_597,Mesenchymal-Stromal
c_1_39_598,Mesenchymal-Stromal
c_1_39_599,Mesenchymal-Stromal
c_1_39_600,Mesenchymal-Stromal
c_1_39_601,Mesenchymal-Stromal
c_1_39_602,Mesenchymal-Stromal
c_1_39_603,Mesenchymal-Stromal
c_1_39_604,Mesenchymal-Stromal
c_1_39_605,Mesenchymal-Stromal
c_1_39_606,Mesenchymal-Stromal
c_1_39_607,Mesenchymal-Stromal
c_1_39_608,Mesenchymal-Stromal
c_1_39_609,Mesenchymal-Stromal
c_1_39_610,Mesenchymal-Stromal
c_1_39_612,Mesenchymal-Stromal
c_1_39_613,Mesenchymal-Stromal
c_1_39_614,Mesenchymal-Stromal
c_1_39_615,Mesenchymal-Stromal
c_1_39_616,Mesenchymal-Stromal
c_1_39_620,Mesenchymal-Stromal
c_1_39_621,Mesenchymal-Stromal
c_1_39_622,Mesenchymal-Stromal
c_1_39_623,Mesenchymal-Stromal
c_1_39_624,Mesenchymal-Stromal
c_1_39_625,Mesenchymal-Stromal
c_1_39_626,Mesenchymal-Stromal
c_1_39_627,Mesenchymal-Stromal
c_1_39_628,Mesenchymal-Stromal
c_1_39_629,Mesenchymal-Stromal
c_1_39_631,Mesenchymal-Stromal
c_1_39_632,Mesenchymal-Stromal
c_1_39_633,Mesenchymal-Stromal
c_1_39_635,Mesenchymal-Stromal
c_1_39_636,Mesenchymal-Stromal
c_1_39_637,Mesenchymal-Stromal
c_1_39_638,Mesenchymal-Stromal
c_1_39_639,Mesenchymal-Stromal
c_1_39_640,Neuronal-Glial
c_1_39_641,Mesenchymal-Stromal
c_1_39_642,Mesenchymal-Stromal
c_1_39_643,Mesenchymal-Stromal
c_1_39_644,Mesenchymal-Stromal
c_1_39_646,Mesenchymal-Stromal
c_1_39_647,Mesenchymal-Stromal
c_1_39_648,Mesenchymal-Stromal
c_1_39_650,Mesenchymal-Stromal
c_1_39_652,Mesenchymal-Stromal
c_1_39_653,Mesenchymal-Stromal
c_1_39_654,Mesenchymal-Stromal
c_1_39_655,Neuronal-Glial
c_1_39_656,Mesenchymal-Stromal
c_1_39_657,Mesenchymal-Stromal
c_1_39_658,Lymphoid-Other
c_1_39_659,Mesenchymal-Stromal
c_1_39_660,Mesenchymal-Stromal
c_1_39_661,Lymphoid-Other
c_1_39_663,Mesenchymal-Stromal
c_1_39_664,Mesenchymal-Stromal
c_1_39_666,Mesenchymal-Stromal
c_1_39_667,Mesenchymal-Stromal
c_1_39_668,Mesenchymal-Stromal
c_1_39_669,Mesenchymal-Stromal
c_1_39_670,Mesenchymal-Stromal
c_1_39_671,Mesenchymal-Stromal
c_1_39_672,Mesenchymal-Stromal
c_1_39_673,Mesenchymal-Stromal
c_1_39_675,Mesenchymal-Stromal
c_1_39_676,Mesenchymal-Stromal
c_1_39_677,Mesenchymal-Stromal
c_1_39_678,Mesenchymal-Stromal
c_1_39_679,Mesenchymal-Stromal
c_1_39_680,Mesenchymal-Stromal
c_1_39_681,Mesenchymal-Stromal
c_1_39_682,Mesenchymal-Stromal
c_1_39_683,Mesenchymal-Stromal
c_1_39_684,Mesenchymal-Stromal
c_1_39_685,Mesenchymal-Stromal
c_1_39_686,Mesenchymal-Stromal
c_1_39_687,Mesenchymal-Stromal
c_1_39_688,Mesenchymal-Stromal
c_1_39_689,Mesenchymal-Stromal
c_1_39_690,Mesenchymal-Stromal
c_1_39_691,Mesenchymal-Stromal
c_1_39_692,Mesenchymal-Stromal
c_1_39_693,Mesenchymal-Stromal
c_1_39_696,Mesenchymal-Stromal
c_1_39_697,Mesenchymal-Stromal
c_1_39_698,Mesenchymal-Stromal
c_1_39_699,Mesenchymal-Stromal
c_1_39_700,Mesenchymal-Stromal
c_1_39_701,Mesenchymal-Stromal
c_1_39_702,Mesenchymal-Stromal
c_1_39_703,Mesenchymal-Stromal
c_1_39_704,Mesenchymal-Stromal
c_1_39_705,Mesenchymal-Stromal
c_1_39_706,Neuronal-Glial
c_1_39_707,Mesenchymal-Stromal
c_1_39_708,Mesenchymal-Stromal
c_1_39_710,Mesenchymal-Stromal
c_1_39_713,Mesenchymal-Stromal
c_1_39_714,Mesenchymal-Stromal
c_1_39_715,Lymphoid-Other
c_1_39_716,Mesenchymal-Stromal
c_1_39_719,Mesenchymal-Stromal
c_1_39_720,Mesenchymal-Stromal
c_1_39_721,Mesenchymal-Stromal
c_1_39_723,Mesenchymal-Stromal
c_1_39_724,Mesenchymal-Stromal
c_1_39_725,Mesenchymal-Stromal
c_1_39_726,Mesenchymal-Stromal
c_1_39_727,Mesenchymal-Stromal
c_1_39_728,Mesenchymal-Stromal
c_1_39_729,Mesenchymal-Stromal
c_1_39_730,Lymphoid-Other
c_1_39_731,Mesenchymal-Stromal
c_1_39_732,Mesenchymal-Stromal
c_1_39_733,Mesenchymal-Stromal
c_1_39_734,Mesenchymal-Stromal
c_1_39_735,Mesenchymal-Stromal
c_1_39_736,Mesenchymal-Stromal
c_1_39_737,Lymphoid-Other
c_1_39_738,Lymphoid-Other
c_1_39_739,Mesenchymal-Stromal
c_1_39_740,Lymphoid-Other
c_1_39_741,Lymphoid-Other
c_1_39_742,Mesenchymal-Stromal
c_1_39_743,Mesenchymal-Stromal
c_1_39_745,Mesenchymal-Stromal
c_1_39_746,Lymphoid-Other
c_1_39_747,Mesenchymal-Stromal
c_1_39_748,Mesenchymal-Stromal
c_1_39_749,Mesenchymal-Stromal
c_1_39_750,Mesenchymal-Stromal
c_1_39_753,Mesenchymal-Stromal
c_1_39_754,Mesenchymal-Stromal
c_1_39_755,Mesenchymal-Stromal
c_1_39_756,Mesenchymal-Stromal
c_1_39_757,Mesenchymal-Stromal
c_1_39_758,Lymphoid-Other
c_1_39_760,Mesenchymal-Stromal
c_1_39_761,Mesenchymal-Stromal
c_1_39_762,Mesenchymal-Stromal
c_1_39_763,Mesenchymal-Stromal
c_1_39_765,Mesenchymal-Stromal
c_1_39_766,Mesenchymal-Stromal
c_1_39_767,Mesenchymal-Stromal
c_1_39_768,Mesenchymal-Stromal
c_1_39_769,Mesenchymal-Stromal
c_1_39_770,Mesenchymal-Stromal
c_1_39_771,Mesenchymal-Stromal
c_1_39_772,Mesenchymal-Stromal
c_1_39_773,Mesenchymal-Stromal
c_1_39_774,Mesenchymal-Stromal
c_1_39_775,Lymphoid-Other
c_1_39_778,Mesenchymal-Stromal
c_1_39_779,Mesenchymal-Stromal
c_1_39_780,Mesenchymal-Stromal
c_1_39_781,Myeloid
c_1_39_783,Mesenchymal-Stromal
c_1_39_784,Mesenchymal-Stromal
c_1_39_786,Mesenchymal-Stromal
c_1_39_787,Mesenchymal-Stromal
c_1_39_788,Mesenchymal-Stromal
c_1_39_789,Mesenchymal-Stromal
c_1_39_790,Mesenchymal-Stromal
c_1_39_791,Mesenchymal-Stromal
c_1_39_793,Mesenchymal-Stromal
c_1_39_794,Mesenchymal-Stromal
c_1_39_795,Mesenchymal-Stromal
c_1_39_796,Mesenchymal-Stromal
c_1_39_797,Mesenchymal-Stromal
c_1_39_798,Mesenchymal-Stromal
c_1_39_799,Mesenchymal-Stromal
c_1_39_800,Mesenchymal-Stromal
c_1_39_801,Mesenchymal-Stromal
c_1_39_802,Mesenchymal-Stromal
c_1_39_803,Endothelial
c_1_39_804,Neuronal-Glial
c_1_39_805,Lymphoid-Other
c_1_39_807,Mesenchymal-Stromal
c_1_39_808,Mesenchymal-Stromal
c_1_39_810,Mesenchymal-Stromal
c_1_39_811,Mesenchymal-Stromal
c_1_39_812,Mesenchymal-Stromal
c_1_39_813,Lymphoid-Other
c_1_39_814,Mesenchymal-Stromal
c_1_39_815,Mesenchymal-Stromal
c_1_39_816,Mesenchymal-Stromal
c_1_39_818,Mesenchymal-Stromal
c_1_39_821,Mesenchymal-Stromal
c_1_39_822,Mesenchymal-Stromal
c_1_39_823,Mesenchymal-Stromal
c_1_39_824,Mesenchymal-Stromal
c_1_39_825,Mesenchymal-Stromal
c_1_39_826,Mesenchymal-Stromal
c_1_39_827,Mesenchymal-Stromal
c_1_39_828,Mesenchymal-Stromal
c_1_39_829,Mesenchymal-Stromal
c_1_39_830,Mesenchymal-Stromal
c_1_39_831,Mesenchymal-Stromal
c_1_39_832,Mesenchymal-Stromal
c_1_39_833,Mesenchymal-Stromal
c_1_39_834,Mesenchymal-Stromal
c_1_39_836,Mesenchymal-Stromal
c_1_39_837,Mesenchymal-Stromal
c_1_39_838,Mesenchymal-Stromal
c_1_39_839,Mesenchymal-Stromal
c_1_39_840,Lymphoid-DC
c_1_39_841,Mesenchymal-Stromal
c_1_39_842,Lymphoid-Other
c_1_39_843,Lymphoid-T
c_1_39_844,Mesenchymal-Stromal
c_1_39_845,Mesenchymal-Stromal
c_1_39_847,Lymphoid-Other
c_1_39_848,Mesenchymal-Stromal
c_1_39_849,Neuronal-Glial
c_1_39_850,Mesenchymal-Stromal
c_1_39_851,Mesenchymal-Stromal
c_1_39_852,Mesenchymal-Stromal
c_1_40_1,Lymphoid-Other
c_1_40_2,Mesenchymal-Stromal
c_1_40_3,Mesenchymal-Stromal
c_1_40_4,Mesenchymal-Stromal
c_1_40_5,Lymphoid-T
c_1_40_6,Mesenchymal-Stromal
c_1_40_7,Mesenchymal-Stromal
c_1_40_8,Mesenchymal-Stromal
c_1_40_9,Myeloid
c_1_40_10,Lymphoid-Other
c_1_40_11,Lymphoid-Other
c_1_40_12,Mesenchymal-Stromal
c_1_40_13,Mesenchymal-Stromal
c_1_40_14,Mesenchymal-Stromal
c_1_40_15,Mesenchymal-Stromal
c_1_40_16,Myeloid
c_1_40_17,Lymphoid-Other
c_1_40_18,Neuronal-Glial
c_1_40_19,Mesenchymal-Stromal
c_1_40_20,Mesenchymal-Stromal
c_1_40_21,Mesenchymal-Stromal
c_1_40_23,Lymphoid-DC
c_1_40_24,Mesenchymal-Stromal
c_1_40_26,Mesenchymal-Stromal
c_1_40_28,Mesenchymal-Stromal
c_1_40_29,Mesenchymal-Stromal
c_1_40_31,Endothelial
c_1_40_32,Mesenchymal-Stromal
c_1_40_33,Mesenchymal-Stromal
c_1_40_34,Mesenchymal-Stromal
c_1_40_35,Mesenchymal-Stromal
c_1_40_37,Mesenchymal-Stromal
c_1_40_38,Endothelial
c_1_40_39,Mesenchymal-Stromal
c_1_40_40,Mesenchymal-Stromal
c_1_40_41,Mesenchymal-Stromal
c_1_40_42,Endothelial
c_1_40_43,Myeloid
c_1_40_44,Endothelial
c_1_40_45,Endothelial
c_1_40_47,Mesenchymal-Stromal
c_1_40_48,Lymphoid-Other
c_1_40_49,Mesenchymal-Stromal
c_1_40_51,Mesenchymal-Stromal
c_1_40_52,Myeloid
c_1_40_53,Lymphoid-DC
c_1_40_54,Endothelial
c_1_40_55,Mesenchymal-Stromal
c_1_40_56,Lymphoid-Other
c_1_40_58,Mesenchymal-Stromal
c_1_40_59,Mesenchymal-Stromal
c_1_40_60,Mesenchymal-Stromal
c_1_40_61,Mesenchymal-Stromal
c_1_40_62,Mesenchymal-Stromal
c_1_40_63,Mesenchymal-Stromal
c_1_40_64,Mesenchymal-Stromal
c_1_40_65,Mesenchymal-Stromal
c_1_40_66,Mesenchymal-Stromal
c_1_40_67,Lymphoid-Other
c_1_40_68,Mesenchymal-Stromal
c_1_40_69,Mesenchymal-Stromal
c_1_40_70,Mesenchymal-Stromal
c_1_40_71,Mesenchymal-Stromal
c_1_40_72,Mesenchymal-Stromal
c_1_40_73,Lymphoid-Other
c_1_40_74,Mesenchymal-Stromal
c_1_40_75,Mesenchymal-Stromal
c_1_40_76,Myeloid
c_1_40_77,Mesenchymal-Stromal
c_1_40_78,Neuronal-Glial
c_1_40_79,Mesenchymal-Stromal
c_1_40_81,Endothelial
c_1_40_82,Mesenchymal-Stromal
c_1_40_83,Mesenchymal-Stromal
c_1_40_84,Mesenchymal-Stromal
c_1_40_85,Mesenchymal-Stromal
c_1_40_86,Mesenchymal-Stromal
c_1_40_87,Myeloid
c_1_40_88,Mesenchymal-Stromal
c_1_40_89,Myeloid
c_1_40_90,Neuronal-Glial
c_1_40_91,Lymphoid-Other
c_1_40_92,Mesenchymal-Stromal
c_1_40_93,Lymphoid-Other
c_1_40_94,Myeloid
c_1_40_95,Neuronal-Glial
c_1_40_96,Mesenchymal-Stromal
c_1_40_97,Lymphoid-T
c_1_40_98,Mesenchymal-Stromal
c_1_40_99,Mesenchymal-Stromal
c_1_40_100,Mesenchymal-Stromal
c_1_40_101,Lymphoid-Other
c_1_40_102,Mesenchymal-Stromal
c_1_40_103,Neuronal-Glial
c_1_40_104,Mesenchymal-Stromal
c_1_40_105,Myeloid
c_1_40_106,Myeloid
c_1_40_107,Mesenchymal-Stromal
c_1_40_108,Mesenchymal-Stromal
c_1_40_109,Lymphoid-Other
c_1_40_110,Neuronal-Glial
c_1_40_111,Mesenchymal-Stromal
c_1_40_112,Lymphoid-Other
c_1_40_113,Mesenchymal-Stromal
c_1_40_114,Mesenchymal-Stromal
c_1_40_115,Mesenchymal-Stromal
c_1_40_116,Mesenchymal-Stromal
c_1_40_117,Mesenchymal-Stromal
c_1_40_118,Mesenchymal-Stromal
c_1_40_119,Mesenchymal-Stromal
c_1_40_120,Myeloid
c_1_40_121,Endothelial
c_1_40_122,Mesenchymal-Stromal
c_1_40_123,Lymphoid-Other
c_1_40_124,Lymphoid-Other
c_1_40_125,Mesenchymal-Stromal
c_1_40_126,Mesenchymal-Stromal
c_1_40_127,Mesenchymal-Stromal
c_1_40_128,Mesenchymal-Stromal
c_1_40_129,Lymphoid-Other
c_1_40_130,Mesenchymal-Stromal
c_1_40_131,Mesenchymal-Stromal
c_1_40_132,Neuronal-Glial
c_1_40_133,Mesenchymal-Stromal
c_1_40_134,Mesenchymal-Stromal
c_1_40_135,Mesenchymal-Stromal
c_1_40_136,Mesenchymal-Stromal
c_1_40_137,Lymphoid-Other
c_1_40_138,Mesenchymal-Stromal
c_1_40_139,Mesenchymal-Stromal
c_1_40_140,Mesenchymal-Stromal
c_1_40_141,Mesenchymal-Stromal
c_1_40_142,Myeloid
c_1_40_143,Mesenchymal-Stromal
c_1_40_144,Myeloid
c_1_40_145,Mesenchymal-Stromal
c_1_40_146,Mesenchymal-Stromal
c_1_40_147,Neuronal-Glial
c_1_40_148,Myeloid
c_1_40_149,Mesenchymal-Stromal
c_1_40_152,Mesenchymal-Stromal
c_1_40_153,Mesenchymal-Stromal
c_1_40_154,Mesenchymal-Stromal
c_1_40_155,Lymphoid-Other
c_1_40_156,Lymphoid-Other
c_1_40_157,Mesenchymal-Stromal
c_1_40_158,Lymphoid-Other
c_1_40_159,Mesenchymal-Stromal
c_1_40_160,Mesenchymal-Stromal
c_1_40_161,Erythroid
c_1_40_162,Lymphoid-Other
c_1_40_163,Mesenchymal-Stromal
c_1_40_164,Neuronal-Glial
c_1_40_166,Lymphoid-Other
c_1_40_167,Lymphoid-Other
c_1_40_168,Mesenchymal-Stromal
c_1_40_169,Mesenchymal-Stromal
c_1_40_170,Mesenchymal-Stromal
c_1_40_171,Lymphoid-Other
c_1_40_172,Lymphoid-Other
c_1_40_173,Mesenchymal-Stromal
c_1_40_174,Myeloid
c_1_40_175,Mesenchymal-Stromal
c_1_40_176,Mesenchymal-Stromal
c_1_40_177,Mesenchymal-Stromal
c_1_40_178,Mesenchymal-Stromal
c_1_40_179,Mesenchymal-Stromal
c_1_40_180,Mesenchymal-Stromal
c_1_40_181,Mesenchymal-Stromal
c_1_40_182,Mesenchymal-Stromal
c_1_40_183,Mesenchymal-Stromal
c_1_40_184,Mesenchymal-Stromal
c_1_40_185,Mesenchymal-Stromal
c_1_40_186,Mesenchymal-Stromal
c_1_40_187,Mesenchymal-Stromal
c_1_40_190,Mesenchymal-Stromal
c_1_40_191,Mesenchymal-Stromal
c_1_40_193,Lymphoid-Other
c_1_40_194,Mesenchymal-Stromal
c_1_40_195,Mesenchymal-Stromal
c_1_40_196,Mesenchymal-Stromal
c_1_40_197,Mesenchymal-Stromal
c_1_40_198,Mesenchymal-Stromal
c_1_40_199,Mesenchymal-Stromal
c_1_40_200,Mesenchymal-Stromal
c_1_40_201,Mesenchymal-Stromal
c_1_40_202,Mesenchymal-Stromal
c_1_40_203,Mesenchymal-Stromal
c_1_40_204,Mesenchymal-Stromal
c_1_40_205,Mesenchymal-Stromal
c_1_40_206,Mesenchymal-Stromal
c_1_40_207,Mesenchymal-Stromal
c_1_40_208,Mesenchymal-Stromal
c_1_40_209,Mesenchymal-Stromal
c_1_40_210,Mesenchymal-Stromal
c_1_40_211,Mesenchymal-Stromal
c_1_40_212,Mesenchymal-Stromal
c_1_40_213,Mesenchymal-Stromal
c_1_40_214,Mesenchymal-Stromal
c_1_40_215,Mesenchymal-Stromal
c_1_40_217,Mesenchymal-Stromal
c_1_40_218,Mesenchymal-Stromal
c_1_40_219,Mesenchymal-Stromal
c_1_40_220,Mesenchymal-Stromal
c_1_40_221,Mesenchymal-Stromal
c_1_40_222,Mesenchymal-Stromal
c_1_40_223,Mesenchymal-Stromal
c_1_40_224,Mesenchymal-Stromal
c_1_40_225,Mesenchymal-Stromal
c_1_40_226,Mesenchymal-Stromal
c_1_40_227,Mesenchymal-Stromal
c_1_40_228,Mesenchymal-Stromal
c_1_40_229,Mesenchymal-Stromal
c_1_40_231,Mesenchymal-Stromal
c_1_40_232,Mesenchymal-Stromal
c_1_40_233,Mesenchymal-Stromal
c_1_40_234,Mesenchymal-Stromal
c_1_40_235,Mesenchymal-Stromal
c_1_40_236,Mesenchymal-Stromal
c_1_40_237,Mesenchymal-Stromal
c_1_40_238,Mesenchymal-Stromal
c_1_40_239,Mesenchymal-Stromal
c_1_40_240,Mesenchymal-Stromal
c_1_40_241,Mesenchymal-Stromal
c_1_40_242,Mesenchymal-Stromal
c_1_40_243,Mesenchymal-Stromal
c_1_40_244,Mesenchymal-Stromal
c_1_40_245,Mesenchymal-Stromal
c_1_40_246,Mesenchymal-Stromal
c_1_40_247,Mesenchymal-Stromal
c_1_40_249,Mesenchymal-Stromal
c_1_40_250,Mesenchymal-Stromal
c_1_40_251,Mesenchymal-Stromal
c_1_40_252,Mesenchymal-Stromal
c_1_40_253,Mesenchymal-Stromal
c_1_40_254,Mesenchymal-Stromal
c_1_40_255,Mesenchymal-Stromal
c_1_40_257,Mesenchymal-Stromal
c_1_40_258,Mesenchymal-Stromal
c_1_40_259,Lymphoid-Other
c_1_40_262,Mesenchymal-Stromal
c_1_40_263,Mesenchymal-Stromal
c_1_40_264,Mesenchymal-Stromal
c_1_40_265,Lymphoid-Other
c_1_40_266,Mesenchymal-Stromal
c_1_40_267,Mesenchymal-Stromal
c_1_40_268,Mesenchymal-Stromal
c_1_40_269,Mesenchymal-Stromal
c_1_40_270,Mesenchymal-Stromal
c_1_40_271,Lymphoid-DC
c_1_40_272,Mesenchymal-Stromal
c_1_40_274,Mesenchymal-Stromal
c_1_40_275,Lymphoid-Other
c_1_40_276,Mesenchymal-Stromal
c_1_40_277,Endothelial
c_1_40_278,Lymphoid-Other
c_1_40_279,Mesenchymal-Stromal
c_1_40_280,Mesenchymal-Stromal
c_1_40_281,Mesenchymal-Stromal
c_1_40_282,Mesenchymal-Stromal
c_1_40_283,Mesenchymal-Stromal
c_1_40_284,Mesenchymal-Stromal
c_1_40_285,Mesenchymal-Stromal
c_1_40_286,Mesenchymal-Stromal
c_1_40_287,Mesenchymal-Stromal
c_1_40_288,Lymphoid-Other
c_1_40_289,Mesenchymal-Stromal
c_1_40_290,Lymphoid-Other
c_1_40_291,Mesenchymal-Stromal
c_1_40_292,Mesenchymal-Stromal
c_1_40_293,Mesenchymal-Stromal
c_1_40_294,Myeloid
c_1_40_295,Mesenchymal-Stromal
c_1_40_296,Mesenchymal-Stromal
c_1_40_298,Mesenchymal-Stromal
c_1_40_299,Mesenchymal-Stromal
c_1_40_300,Mesenchymal-Stromal
c_1_40_303,Mesenchymal-Stromal
c_1_40_304,Mesenchymal-Stromal
c_1_40_305,Mesenchymal-Stromal
c_1_40_306,Lymphoid-Other
c_1_40_307,Mesenchymal-Stromal
c_1_40_308,Mesenchymal-Stromal
c_1_40_309,Mesenchymal-Stromal
c_1_40_310,Mesenchymal-Stromal
c_1_40_311,Mesenchymal-Stromal
c_1_40_312,Mesenchymal-Stromal
c_1_40_313,Mesenchymal-Stromal
c_1_40_314,Mesenchymal-Stromal
c_1_40_318,Mesenchymal-Stromal
c_1_40_319,Mesenchymal-Stromal
c_1_40_320,Mesenchymal-Stromal
c_1_40_321,Mesenchymal-Stromal
c_1_40_322,Mesenchymal-Stromal
c_1_40_323,Lymphoid-Other
c_1_40_325,Mesenchymal-Stromal
c_1_40_326,Mesenchymal-Stromal
c_1_40_329,Mesenchymal-Stromal
c_1_40_330,Mesenchymal-Stromal
c_1_40_331,Mesenchymal-Stromal
c_1_40_332,Mesenchymal-Stromal
c_1_40_333,Mesenchymal-Stromal
c_1_40_334,Mesenchymal-Stromal
c_1_40_336,Mesenchymal-Stromal
c_1_40_337,Mesenchymal-Stromal
c_1_40_338,Mesenchymal-Stromal
c_1_40_339,Mesenchymal-Stromal
c_1_40_340,Mesenchymal-Stromal
c_1_40_341,Mesenchymal-Stromal
c_1_40_342,Mesenchymal-Stromal
c_1_40_343,Mesenchymal-Stromal
c_1_40_344,Mesenchymal-Stromal
c_1_40_348,Mesenchymal-Stromal
c_1_40_349,Lymphoid-Other
c_1_40_350,Mesenchymal-Stromal
c_1_40_351,Mesenchymal-Stromal
c_1_40_352,Mesenchymal-Stromal
c_1_40_353,Mesenchymal-Stromal
c_1_40_354,Mesenchymal-Stromal
c_1_40_356,Mesenchymal-Stromal
c_1_40_357,Mesenchymal-Stromal
c_1_40_358,Mesenchymal-Stromal
c_1_40_359,Mesenchymal-Stromal
c_1_40_360,Lymphoid-Other
c_1_40_361,Mesenchymal-Stromal
c_1_40_362,Mesenchymal-Stromal
c_1_40_363,Endothelial
c_1_40_364,Mesenchymal-Stromal
c_1_40_365,Lymphoid-Other
c_1_40_366,Endothelial
c_1_40_367,Endothelial
c_1_40_368,Mesenchymal-Stromal
c_1_40_369,Mesenchymal-Stromal
c_1_40_370,Lymphoid-Other
c_1_40_371,Mesenchymal-Stromal
c_1_40_372,Mesenchymal-Stromal
c_1_40_373,Mesenchymal-Stromal
c_1_40_374,Lymphoid-Other
c_1_40_375,Mesenchymal-Stromal
c_1_40_378,Mesenchymal-Stromal
c_1_40_379,Mesenchymal-Stromal
c_1_40_380,Mesenchymal-Stromal
c_1_40_381,Mesenchymal-Stromal
c_1_40_382,Mesenchymal-Stromal
c_1_40_385,Mesenchymal-Stromal
c_1_40_386,Mesenchymal-Stromal
c_1_40_387,Mesenchymal-Stromal
c_1_40_388,Mesenchymal-Stromal
c_1_40_389,Mesenchymal-Stromal
c_1_40_390,Mesenchymal-Stromal
c_1_40_391,Lymphoid-Other
c_1_40_392,Mesenchymal-Stromal
c_1_40_393,Mesenchymal-Stromal
c_1_40_394,Mesenchymal-Stromal
c_1_40_395,Mesenchymal-Stromal
c_1_40_396,Mesenchymal-Stromal
c_1_40_397,Mesenchymal-Stromal
c_1_40_398,Mesenchymal-Stromal
c_1_40_399,Mesenchymal-Stromal
c_1_40_401,Mesenchymal-Stromal
c_1_40_402,Mesenchymal-Stromal
c_1_40_403,Mesenchymal-Stromal
c_1_40_404,Mesenchymal-Stromal
c_1_40_405,Lymphoid-Other
c_1_40_406,Lymphoid-Other
c_1_40_407,Mesenchymal-Stromal
c_1_40_408,Mesenchymal-Stromal
c_1_40_409,Mesenchymal-Stromal
c_1_40_410,Mesenchymal-Stromal
c_1_40_411,Mesenchymal-Stromal
c_1_40_412,Mesenchymal-Stromal
c_1_40_413,Lymphoid-B
c_1_40_414,Mesenchymal-Stromal
c_1_40_415,Mesenchymal-Stromal
c_1_40_416,Mesenchymal-Stromal
c_1_40_417,Mesenchymal-Stromal
c_1_40_418,Mesenchymal-Stromal
c_1_40_419,Mesenchymal-Stromal
c_1_40_420,Mesenchymal-Stromal
c_1_40_421,Mesenchymal-Stromal
c_1_40_422,Neuronal-Glial
c_1_40_423,Mesenchymal-Stromal
c_1_40_424,Mesenchymal-Stromal
c_1_40_425,Mesenchymal-Stromal
c_1_40_426,Mesenchymal-Stromal
c_1_40_427,Mesenchymal-Stromal
c_1_40_428,Mesenchymal-Stromal
c_1_40_429,Mesenchymal-Stromal
c_1_40_430,Lymphoid-Other
c_1_40_431,Lymphoid-Other
c_1_40_432,Mesenchymal-Stromal
c_1_40_433,Neuronal-Glial
c_1_40_435,Mesenchymal-Stromal
c_1_40_436,Mesenchymal-Stromal
c_1_40_437,Mesenchymal-Stromal
c_1_40_438,Mesenchymal-Stromal
c_1_40_439,Mesenchymal-Stromal
c_1_40_440,Mesenchymal-Stromal
c_1_40_442,Mesenchymal-Stromal
c_1_40_443,Mesenchymal-Stromal
c_1_40_444,Mesenchymal-Stromal
c_1_40_445,Mesenchymal-Stromal
c_1_40_446,Mesenchymal-Stromal
c_1_40_447,Lymphoid-Other
c_1_40_449,Mesenchymal-Stromal
c_1_40_451,Mesenchymal-Stromal
c_1_40_452,Mesenchymal-Stromal
c_1_40_453,Mesenchymal-Stromal
c_1_40_454,Mesenchymal-Stromal
c_1_40_455,Mesenchymal-Stromal
c_1_40_456,Mesenchymal-Stromal
c_1_40_457,Mesenchymal-Stromal
c_1_40_458,Mesenchymal-Stromal
c_1_40_459,Mesenchymal-Stromal
c_1_40_460,Mesenchymal-Stromal
c_1_40_461,Mesenchymal-Stromal
c_1_40_463,Mesenchymal-Stromal
c_1_40_464,Mesenchymal-Stromal
c_1_40_466,Myeloid
c_1_40_467,Mesenchymal-Stromal
c_1_40_468,Mesenchymal-Stromal
c_1_40_469,Mesenchymal-Stromal
c_1_40_470,Mesenchymal-Stromal
c_1_40_471,Mesenchymal-Stromal
c_1_40_472,Lymphoid-Other
c_1_40_473,Mesenchymal-Stromal
c_1_40_474,Mesenchymal-Stromal
c_1_40_475,Mesenchymal-Stromal
c_1_40_476,Mesenchymal-Stromal
c_1_40_477,Mesenchymal-Stromal
c_1_40_478,Lymphoid-Other
c_1_40_479,Mesenchymal-Stromal
c_1_40_480,Mesenchymal-Stromal
c_1_40_481,Mesenchymal-Stromal
c_1_40_482,Mesenchymal-Stromal
c_1_40_484,Mesenchymal-Stromal
c_1_40_485,Mesenchymal-Stromal
c_1_40_486,Mesenchymal-Stromal
c_1_40_487,Mesenchymal-Stromal
c_1_40_488,Mesenchymal-Stromal
c_1_40_489,Mesenchymal-Stromal
c_1_40_490,Mesenchymal-Stromal
c_1_40_491,Mesenchymal-Stromal
c_1_40_492,Mesenchymal-Stromal
c_1_40_493,Mesenchymal-Stromal
c_1_40_494,Lymphoid-Other
c_1_40_495,Mesenchymal-Stromal
c_1_40_496,Mesenchymal-Stromal
c_1_40_497,Lymphoid-Other
c_1_40_498,Mesenchymal-Stromal
c_1_40_499,Mesenchymal-Stromal
c_1_40_500,Mesenchymal-Stromal
c_1_40_501,Mesenchymal-Stromal
c_1_40_502,Lymphoid-Other
c_1_40_503,Mesenchymal-Stromal
c_1_40_504,Mesenchymal-Stromal
c_1_40_505,Mesenchymal-Stromal
c_1_40_506,Mesenchymal-Stromal
c_1_40_507,Mesenchymal-Stromal
c_1_40_508,Mesenchymal-Stromal
c_1_40_509,Mesenchymal-Stromal
c_1_40_510,Mesenchymal-Stromal
c_1_40_511,Mesenchymal-Stromal
c_1_40_512,Myeloid
c_1_40_513,Mesenchymal-Stromal
c_1_40_514,Mesenchymal-Stromal
c_1_40_515,Mesenchymal-Stromal
c_1_40_516,Mesenchymal-Stromal
c_1_40_517,Mesenchymal-Stromal
c_1_40_519,Mesenchymal-Stromal
c_1_40_520,Mesenchymal-Stromal
c_1_40_521,Mesenchymal-Stromal
c_1_40_522,Mesenchymal-Stromal
c_1_40_523,Neuronal-Glial
c_1_40_524,Mesenchymal-Stromal
c_1_40_525,Lymphoid-Other
c_1_40_526,Mesenchymal-Stromal
c_1_40_527,Lymphoid-Other
c_1_40_528,Mesenchymal-Stromal
c_1_40_529,Mesenchymal-Stromal
c_1_40_530,Mesenchymal-Stromal
c_1_40_531,Lymphoid-Other
c_1_40_533,Mesenchymal-Stromal
c_1_40_534,Myeloid
c_1_40_535,Mesenchymal-Stromal
c_1_40_536,Mesenchymal-Stromal
c_1_40_538,Mesenchymal-Stromal
c_1_40_539,Mesenchymal-Stromal
c_1_40_540,Mesenchymal-Stromal
c_1_40_541,Mesenchymal-Stromal
c_1_40_542,Mesenchymal-Stromal
c_1_40_543,Mesenchymal-Stromal
c_1_40_544,Mesenchymal-Stromal
c_1_40_545,Mesenchymal-Stromal
c_1_40_546,Mesenchymal-Stromal
c_1_40_547,Mesenchymal-Stromal
c_1_40_548,Mesenchymal-Stromal
c_1_40_549,Mesenchymal-Stromal
c_1_40_550,Mesenchymal-Stromal
c_1_40_551,Mesenchymal-Stromal
c_1_40_552,Mesenchymal-Stromal
c_1_40_553,Mesenchymal-Stromal
c_1_40_554,Mesenchymal-Stromal
c_1_40_555,Mesenchymal-Stromal
c_1_40_556,Mesenchymal-Stromal
c_1_40_557,Mesenchymal-Stromal
c_1_40_558,Mesenchymal-Stromal
c_1_40_559,Mesenchymal-Stromal
c_1_40_560,Mesenchymal-Stromal
c_1_40_561,Neuronal-Glial
c_1_40_562,Mesenchymal-Stromal
c_1_40_563,Mesenchymal-Stromal
c_1_40_564,Mesenchymal-Stromal
c_1_40_565,Mesenchymal-Stromal
c_1_40_566,Mesenchymal-Stromal
c_1_40_567,Mesenchymal-Stromal
c_1_40_568,Mesenchymal-Stromal
c_1_40_570,Mesenchymal-Stromal
c_1_40_571,Mesenchymal-Stromal
c_1_40_572,Mesenchymal-Stromal
c_1_40_573,Mesenchymal-Stromal
c_1_40_574,Mesenchymal-Stromal
c_1_40_575,Mesenchymal-Stromal
c_1_40_576,Mesenchymal-Stromal
c_1_40_577,Mesenchymal-Stromal
c_1_40_578,Mesenchymal-Stromal
c_1_40_580,Mesenchymal-Stromal
c_1_40_581,Mesenchymal-Stromal
c_1_40_582,Mesenchymal-Stromal
c_1_40_583,Mesenchymal-Stromal
c_1_40_585,Mesenchymal-Stromal
c_1_40_586,Mesenchymal-Stromal
c_1_40_587,Mesenchymal-Stromal
c_1_40_589,Mesenchymal-Stromal
c_1_40_590,Mesenchymal-Stromal
c_1_40_591,Mesenchymal-Stromal
c_1_40_593,Mesenchymal-Stromal
c_1_40_594,Mesenchymal-Stromal
c_1_40_595,Mesenchymal-Stromal
c_1_40_597,Mesenchymal-Stromal
c_1_40_598,Mesenchymal-Stromal
c_1_40_599,Mesenchymal-Stromal
c_1_40_600,Mesenchymal-Stromal
c_1_40_601,Mesenchymal-Stromal
c_1_40_603,Mesenchymal-Stromal
c_1_40_604,Mesenchymal-Stromal
c_1_40_605,Mesenchymal-Stromal
c_1_40_607,Mesenchymal-Stromal
c_1_40_608,Mesenchymal-Stromal
c_1_40_609,Mesenchymal-Stromal
c_1_40_611,Mesenchymal-Stromal
c_1_40_612,Mesenchymal-Stromal
c_1_40_613,Mesenchymal-Stromal
c_1_40_614,Mesenchymal-Stromal
c_1_40_615,Mesenchymal-Stromal
c_1_40_616,Mesenchymal-Stromal
c_1_40_617,Mesenchymal-Stromal
c_1_40_618,Mesenchymal-Stromal
c_1_40_619,Mesenchymal-Stromal
c_1_40_621,Neuronal-Glial
c_1_40_622,Mesenchymal-Stromal
c_1_40_623,Mesenchymal-Stromal
c_1_40_624,Mesenchymal-Stromal
c_1_40_625,Mesenchymal-Stromal
c_1_40_626,Mesenchymal-Stromal
c_1_40_629,Mesenchymal-Stromal
c_1_40_631,Mesenchymal-Stromal
c_1_40_632,Mesenchymal-Stromal
c_1_40_633,Mesenchymal-Stromal
c_1_40_634,Mesenchymal-Stromal
c_1_40_636,Mesenchymal-Stromal
c_1_40_637,Mesenchymal-Stromal
c_1_40_638,Mesenchymal-Stromal
c_1_40_639,Mesenchymal-Stromal
c_1_40_640,Mesenchymal-Stromal
c_1_40_641,Mesenchymal-Stromal
c_1_40_642,Mesenchymal-Stromal
c_1_40_643,Mesenchymal-Stromal
c_1_40_644,Mesenchymal-Stromal
c_1_40_645,Mesenchymal-Stromal
c_1_40_647,Mesenchymal-Stromal
c_1_40_648,Mesenchymal-Stromal
c_1_40_649,Mesenchymal-Stromal
c_1_40_650,Mesenchymal-Stromal
c_1_40_651,Mesenchymal-Stromal
c_1_40_652,Mesenchymal-Stromal
c_1_40_653,Mesenchymal-Stromal
c_1_40_654,Mesenchymal-Stromal
c_1_40_655,Mesenchymal-Stromal
c_1_40_656,Mesenchymal-Stromal
c_1_40_657,Mesenchymal-Stromal
c_1_40_658,Mesenchymal-Stromal
c_1_40_659,Mesenchymal-Stromal
c_1_40_660,Mesenchymal-Stromal
c_1_40_661,Mesenchymal-Stromal
c_1_40_663,Mesenchymal-Stromal
c_1_40_664,Mesenchymal-Stromal
c_1_40_665,Mesenchymal-Stromal
c_1_40_666,Mesenchymal-Stromal
c_1_40_667,Mesenchymal-Stromal
c_1_40_668,Mesenchymal-Stromal
c_1_40_669,Mesenchymal-Stromal
c_1_40_670,Mesenchymal-Stromal
c_1_40_671,Mesenchymal-Stromal
c_1_40_672,Mesenchymal-Stromal
c_1_40_673,Mesenchymal-Stromal
c_1_40_674,Mesenchymal-Stromal
c_1_40_675,Mesenchymal-Stromal
c_1_40_677,Mesenchymal-Stromal
c_1_40_678,Mesenchymal-Stromal
c_1_40_679,Mesenchymal-Stromal
c_1_40_680,Mesenchymal-Stromal
c_1_40_681,Mesenchymal-Stromal
c_1_40_682,Mesenchymal-Stromal
c_1_40_683,Mesenchymal-Stromal
c_1_40_684,Mesenchymal-Stromal
c_1_40_685,Mesenchymal-Stromal
c_1_40_686,Mesenchymal-Stromal
c_1_40_687,Mesenchymal-Stromal
c_1_40_688,Mesenchymal-Stromal
c_1_40_689,Mesenchymal-Stromal
c_1_40_690,Mesenchymal-Stromal
c_1_40_691,Mesenchymal-Stromal
c_1_40_692,Mesenchymal-Stromal
c_1_40_693,Mesenchymal-Stromal
c_1_40_694,Mesenchymal-Stromal
c_1_40_695,Mesenchymal-Stromal
c_1_40_696,Mesenchymal-Stromal
c_1_40_698,Lymphoid-Other
c_1_40_699,Mesenchymal-Stromal
c_1_40_700,Mesenchymal-Stromal
c_1_40_701,Mesenchymal-Stromal
c_1_40_703,Mesenchymal-Stromal
c_1_40_704,Mesenchymal-Stromal
c_1_40_705,Lymphoid-Other
c_1_40_706,Mesenchymal-Stromal
c_1_40_707,Mesenchymal-Stromal
c_1_40_709,Mesenchymal-Stromal
c_1_40_710,Mesenchymal-Stromal
c_1_40_712,Mesenchymal-Stromal
c_1_40_713,Mesenchymal-Stromal
c_1_40_714,Mesenchymal-Stromal
c_1_40_715,Mesenchymal-Stromal
c_1_40_717,Mesenchymal-Stromal
c_1_40_718,Mesenchymal-Stromal
c_1_40_719,Mesenchymal-Stromal
c_1_40_720,Mesenchymal-Stromal
c_1_40_721,Mesenchymal-Stromal
c_1_40_723,Lymphoid-Other
c_1_40_724,Mesenchymal-Stromal
c_1_40_726,Mesenchymal-Stromal
c_1_40_727,Mesenchymal-Stromal
c_1_40_728,Mesenchymal-Stromal
c_1_40_729,Mesenchymal-Stromal
c_1_40_731,Mesenchymal-Stromal
c_1_40_732,Endothelial
c_1_40_733,Mesenchymal-Stromal
c_1_40_734,Mesenchymal-Stromal
c_1_40_736,Mesenchymal-Stromal
c_1_40_737,Mesenchymal-Stromal
c_1_40_738,Mesenchymal-Stromal
c_1_40_739,Mesenchymal-Stromal
c_1_40_740,Mesenchymal-Stromal
c_1_40_743,Mesenchymal-Stromal
c_1_40_744,Neuronal-Glial
c_1_40_745,Lymphoid-T
c_1_40_746,Mesenchymal-Stromal
c_1_40_748,Mesenchymal-Stromal
c_1_40_749,Lymphoid-Other
c_1_40_750,Mesenchymal-Stromal
c_1_40_751,Mesenchymal-Stromal
c_1_40_752,Mesenchymal-Stromal
c_1_40_753,Mesenchymal-Stromal
c_1_40_754,Mesenchymal-Stromal
c_1_40_755,Mesenchymal-Stromal
c_1_40_756,Neuronal-Glial
c_1_40_757,Mesenchymal-Stromal
c_1_40_758,Mesenchymal-Stromal
c_1_40_759,Mesenchymal-Stromal
c_1_40_760,Mesenchymal-Stromal
c_1_40_761,Mesenchymal-Stromal
c_1_40_762,Endothelial
c_1_40_763,Mesenchymal-Stromal
c_1_40_765,Lymphoid-Other
c_1_40_766,Mesenchymal-Stromal
c_1_40_767,Mesenchymal-Stromal
c_1_40_768,Mesenchymal-Stromal
c_1_40_769,Mesenchymal-Stromal
c_1_40_770,Lymphoid-Other
c_1_40_772,Mesenchymal-Stromal
c_1_40_773,Lymphoid-Other
c_1_40_775,Lymphoid-Other
c_1_40_776,Mesenchymal-Stromal
c_1_40_777,Lymphoid-Other
c_1_40_779,Mesenchymal-Stromal
c_1_40_780,Mesenchymal-Stromal
c_1_40_783,Mesenchymal-Stromal
c_1_40_785,Mesenchymal-Stromal
c_1_40_786,Mesenchymal-Stromal
c_1_40_787,Lymphoid-Other
c_1_40_788,Mesenchymal-Stromal
c_1_40_789,Mesenchymal-Stromal
c_1_40_790,Mesenchymal-Stromal
c_1_40_791,Mesenchymal-Stromal
c_1_40_792,Mesenchymal-Stromal
c_1_40_793,Mesenchymal-Stromal
c_1_40_794,Lymphoid-Other
c_1_40_795,Lymphoid-Other
c_1_40_796,Mesenchymal-Stromal
c_1_40_797,Mesenchymal-Stromal
c_1_40_798,Mesenchymal-Stromal
c_1_40_799,Mesenchymal-Stromal
c_1_40_800,Mesenchymal-Stromal
c_1_40_801,Mesenchymal-Stromal
c_1_40_802,Mesenchymal-Stromal
c_1_40_804,Mesenchymal-Stromal
c_1_40_805,Lymphoid-T
c_1_40_806,Mesenchymal-Stromal
c_1_40_807,Lymphoid-Other
c_1_40_808,Mesenchymal-Stromal
c_1_40_810,Lymphoid-Other
c_1_40_811,Mesenchymal-Stromal
c_1_40_813,Mesenchymal-Stromal
c_1_40_814,Mesenchymal-Stromal
c_1_40_815,Mesenchymal-Stromal
c_1_40_816,Lymphoid-Other
c_1_40_817,Mesenchymal-Stromal
c_1_40_819,Mesenchymal-Stromal
c_1_40_821,Mesenchymal-Stromal
c_1_40_823,Mesenchymal-Stromal
c_1_40_824,Mesenchymal-Stromal
c_1_40_825,Mesenchymal-Stromal
c_1_40_826,Lymphoid-T
c_1_40_827,Mesenchymal-Stromal
c_1_40_828,Mesenchymal-Stromal
c_1_40_829,Mesenchymal-Stromal
c_1_40_830,Mesenchymal-Stromal
c_1_40_831,Mesenchymal-Stromal
c_1_40_832,Mesenchymal-Stromal
c_1_40_833,Mesenchymal-Stromal
c_1_40_834,Mesenchymal-Stromal
c_1_40_835,Mesenchymal-Stromal
c_1_40_836,Mesenchymal-Stromal
c_1_40_837,Mesenchymal-Stromal
c_1_41_1,Mesenchymal-Stromal
c_1_41_2,Mesenchymal-Stromal
c_1_41_3,Myeloid
c_1_41_4,Lymphoid-Other
c_1_41_5,Lymphoid-Other
c_1_41_7,Myeloid
c_1_41_8,Mesenchymal-Stromal
c_1_41_9,Mesenchymal-Stromal
c_1_41_10,Lymphoid-Other
c_1_41_11,Mesenchymal-Stromal
c_1_41_12,Mesenchymal-Stromal
c_1_41_13,Mesenchymal-Stromal
c_1_41_14,Lymphoid-Other
c_1_41_16,Lymphoid-Other
c_1_41_18,Endothelial
c_1_41_19,Lymphoid-DC
c_1_41_20,Lymphoid-Other
c_1_41_21,Mesenchymal-Stromal
c_1_41_22,Neuronal-Glial
c_1_41_23,Mesenchymal-Stromal
c_1_41_24,Myeloid
c_1_41_25,Mesenchymal-Stromal
c_1_41_27,Lymphoid-Other
c_1_41_28,Erythroid
c_1_41_29,Mesenchymal-Stromal
c_1_41_30,Mesenchymal-Stromal
c_1_41_31,Mesenchymal-Stromal
c_1_41_32,Mesenchymal-Stromal
c_1_41_33,Mesenchymal-Stromal
c_1_41_34,Mesenchymal-Stromal
c_1_41_35,Mesenchymal-Stromal
c_1_41_37,Mesenchymal-Stromal
c_1_41_38,Mesenchymal-Stromal
c_1_41_39,Mesenchymal-Stromal
c_1_41_40,Mesenchymal-Stromal
c_1_41_41,Neuronal-Glial
c_1_41_42,Mesenchymal-Stromal
c_1_41_44,Mesenchymal-Stromal
c_1_41_45,Myeloid
c_1_41_46,Mesenchymal-Stromal
c_1_41_48,Mesenchymal-Stromal
c_1_41_51,Mesenchymal-Stromal
c_1_41_52,Mesenchymal-Stromal
c_1_41_53,Neuronal-Glial
c_1_41_55,Lymphoid-Other
c_1_41_57,Lymphoid-Other
c_1_41_58,Mesenchymal-Stromal
c_1_41_59,Mesenchymal-Stromal
c_1_41_61,Mesenchymal-Stromal
c_1_41_62,Mesenchymal-Stromal
c_1_41_63,Mesenchymal-Stromal
c_1_41_64,Mesenchymal-Stromal
c_1_41_65,Mesenchymal-Stromal
c_1_41_66,Mesenchymal-Stromal
c_1_41_67,Mesenchymal-Stromal
c_1_41_68,Mesenchymal-Stromal
c_1_41_69,Myeloid
c_1_41_70,Mesenchymal-Stromal
c_1_41_72,Lymphoid-Other
c_1_41_73,Lymphoid-Other
c_1_41_74,Mesenchymal-Stromal
c_1_41_75,Mesenchymal-Stromal
c_1_41_76,Mesenchymal-Stromal
c_1_41_77,Mesenchymal-Stromal
c_1_41_79,Myeloid
c_1_41_80,Myeloid
c_1_41_82,Mesenchymal-Stromal
c_1_41_83,Mesenchymal-Stromal
c_1_41_84,Myeloid
c_1_41_85,Mesenchymal-Stromal
c_1_41_86,Lymphoid-Other
c_1_41_87,Lymphoid-Other
c_1_41_88,Mesenchymal-Stromal
c_1_41_89,Mesenchymal-Stromal
c_1_41_91,Mesenchymal-Stromal
c_1_41_92,Mesenchymal-Stromal
c_1_41_93,Myeloid
c_1_41_94,Lymphoid-Other
c_1_41_95,Mesenchymal-Stromal
c_1_41_96,Mesenchymal-Stromal
c_1_41_97,Mesenchymal-Stromal
c_1_41_98,Mesenchymal-Stromal
c_1_41_99,Neuronal-Glial
c_1_41_100,Mesenchymal-Stromal
c_1_41_101,Mesenchymal-Stromal
c_1_41_102,Myeloid
c_1_41_104,Mesenchymal-Stromal
c_1_41_105,Mesenchymal-Stromal
c_1_41_106,Mesenchymal-Stromal
c_1_41_107,Mesenchymal-Stromal
c_1_41_108,Mesenchymal-Stromal
c_1_41_109,Lymphoid-T
c_1_41_110,Myeloid
c_1_41_111,Lymphoid-Other
c_1_41_112,Mesenchymal-Stromal
c_1_41_115,Lymphoid-DC
c_1_41_116,Lymphoid-DC
c_1_41_117,Myeloid
c_1_41_118,Lymphoid-Other
c_1_41_119,Lymphoid-Other
c_1_41_120,Lymphoid-DC
c_1_41_121,Mesenchymal-Stromal
c_1_41_122,Mesenchymal-Stromal
c_1_41_123,Neuronal-Glial
c_1_41_124,Neuronal-Glial
c_1_41_125,Neuronal-Glial
c_1_41_126,Neuronal-Glial
c_1_41_127,Mesenchymal-Stromal
c_1_41_128,Mesenchymal-Stromal
c_1_41_129,Mesenchymal-Stromal
c_1_41_130,Mesenchymal-Stromal
c_1_41_131,Myeloid
c_1_41_132,Mesenchymal-Stromal
c_1_41_133,Lymphoid-DC
c_1_41_134,Myeloid
c_1_41_135,Mesenchymal-Stromal
c_1_41_136,Mesenchymal-Stromal
c_1_41_137,Mesenchymal-Stromal
c_1_41_138,Lymphoid-Other
c_1_41_139,Lymphoid-Other
c_1_41_140,Mesenchymal-Stromal
c_1_41_141,Mesenchymal-Stromal
c_1_41_142,Mesenchymal-Stromal
c_1_41_143,Mesenchymal-Stromal
c_1_41_144,Mesenchymal-Stromal
c_1_41_147,Myeloid
c_1_41_149,Mesenchymal-Stromal
c_1_41_150,Myeloid
c_1_41_151,Mesenchymal-Stromal
c_1_41_152,Myeloid
c_1_41_153,Mesenchymal-Stromal
c_1_41_154,Mesenchymal-Stromal
c_1_41_155,Mesenchymal-Stromal
c_1_41_156,Myeloid
c_1_41_157,Mesenchymal-Stromal
c_1_41_158,Mesenchymal-Stromal
c_1_41_160,Mesenchymal-Stromal
c_1_41_161,Mesenchymal-Stromal
c_1_41_162,Mesenchymal-Stromal
c_1_41_163,Lymphoid-Other
c_1_41_165,Mesenchymal-Stromal
c_1_41_166,Mesenchymal-Stromal
c_1_41_167,Mesenchymal-Stromal
c_1_41_168,Endothelial
c_1_41_169,Lymphoid-Other
c_1_41_170,Lymphoid-Other
c_1_41_172,Neuronal-Glial
c_1_41_174,Mesenchymal-Stromal
c_1_41_175,Endothelial
c_1_41_177,Erythroid
c_1_41_178,Mesenchymal-Stromal
c_1_41_179,Lymphoid-Other
c_1_41_180,Lymphoid-Other
c_1_41_181,Endothelial
c_1_41_182,Lymphoid-Other
c_1_41_183,Mesenchymal-Stromal
c_1_41_184,Mesenchymal-Stromal
c_1_41_185,Lymphoid-Other
c_1_41_186,Mesenchymal-Stromal
c_1_41_187,Endothelial
c_1_41_188,Myeloid
c_1_41_189,Mesenchymal-Stromal
c_1_41_190,Mesenchymal-Stromal
c_1_41_191,Endothelial
c_1_41_193,Lymphoid-Other
c_1_41_194,Endothelial
c_1_41_195,Mesenchymal-Stromal
c_1_41_196,Mesenchymal-Stromal
c_1_41_197,Mesenchymal-Stromal
c_1_41_198,Mesenchymal-Stromal
c_1_41_199,Lymphoid-Other
c_1_41_200,Mesenchymal-Stromal
c_1_41_201,Mesenchymal-Stromal
c_1_41_203,Lymphoid-T
c_1_41_207,Neuronal-Glial
c_1_41_211,Mesenchymal-Stromal
c_1_41_212,Mesenchymal-Stromal
c_1_41_213,Mesenchymal-Stromal
c_1_41_215,Mesenchymal-Stromal
c_1_41_216,Mesenchymal-Stromal
c_1_41_217,Mesenchymal-Stromal
c_1_41_220,Mesenchymal-Stromal
c_1_41_221,Mesenchymal-Stromal
c_1_41_222,Lymphoid-Other
c_1_41_223,Endothelial
c_1_41_226,Mesenchymal-Stromal
c_1_41_227,Lymphoid-Other
c_1_41_228,Mesenchymal-Stromal
c_1_41_229,Mesenchymal-Stromal
c_1_41_230,Mesenchymal-Stromal
c_1_41_232,Mesenchymal-Stromal
c_1_41_233,Lymphoid-Other
c_1_41_234,Mesenchymal-Stromal
c_1_41_235,Mesenchymal-Stromal
c_1_41_236,Mesenchymal-Stromal
c_1_41_237,Mesenchymal-Stromal
c_1_41_239,Mesenchymal-Stromal
c_1_41_240,Mesenchymal-Stromal
c_1_41_241,Mesenchymal-Stromal
c_1_41_242,Mesenchymal-Stromal
c_1_41_243,Mesenchymal-Stromal
c_1_41_244,Mesenchymal-Stromal
c_1_41_245,Mesenchymal-Stromal
c_1_41_246,Mesenchymal-Stromal
c_1_41_247,Mesenchymal-Stromal
c_1_41_248,Mesenchymal-Stromal
c_1_41_249,Mesenchymal-Stromal
c_1_41_250,Mesenchymal-Stromal
c_1_41_251,Mesenchymal-Stromal
c_1_41_252,Mesenchymal-Stromal
c_1_41_253,Mesenchymal-Stromal
c_1_41_254,Mesenchymal-Stromal
c_1_41_255,Mesenchymal-Stromal
c_1_41_256,Mesenchymal-Stromal
c_1_41_257,Mesenchymal-Stromal
c_1_41_258,Mesenchymal-Stromal
c_1_41_259,Mesenchymal-Stromal
c_1_41_260,Mesenchymal-Stromal
c_1_41_261,Mesenchymal-Stromal
c_1_41_262,Endothelial
c_1_41_263,Lymphoid-Other
c_1_41_264,Mesenchymal-Stromal
c_1_41_266,Mesenchymal-Stromal
c_1_41_268,Mesenchymal-Stromal
c_1_41_269,Mesenchymal-Stromal
c_1_41_270,Mesenchymal-Stromal
c_1_41_271,Mesenchymal-Stromal
c_1_41_272,Mesenchymal-Stromal
c_1_41_273,Mesenchymal-Stromal
c_1_41_274,Mesenchymal-Stromal
c_1_41_275,Mesenchymal-Stromal
c_1_41_276,Mesenchymal-Stromal
c_1_41_277,Mesenchymal-Stromal
c_1_41_278,Mesenchymal-Stromal
c_1_41_279,Mesenchymal-Stromal
c_1_41_280,Mesenchymal-Stromal
c_1_41_281,Mesenchymal-Stromal
c_1_41_282,Mesenchymal-Stromal
c_1_41_283,Mesenchymal-Stromal
c_1_41_284,Mesenchymal-Stromal
c_1_41_285,Mesenchymal-Stromal
c_1_41_286,Mesenchymal-Stromal
c_1_41_287,Mesenchymal-Stromal
c_1_41_288,Mesenchymal-Stromal
c_1_41_289,Mesenchymal-Stromal
c_1_41_290,Mesenchymal-Stromal
c_1_41_291,Mesenchymal-Stromal
c_1_41_292,Mesenchymal-Stromal
c_1_41_293,Mesenchymal-Stromal
c_1_41_294,Mesenchymal-Stromal
c_1_41_295,Mesenchymal-Stromal
c_1_41_296,Mesenchymal-Stromal
c_1_41_297,Mesenchymal-Stromal
c_1_41_298,Mesenchymal-Stromal
c_1_41_299,Mesenchymal-Stromal
c_1_41_300,Mesenchymal-Stromal
c_1_41_301,Mesenchymal-Stromal
c_1_41_302,Mesenchymal-Stromal
c_1_41_303,Mesenchymal-Stromal
c_1_41_304,Mesenchymal-Stromal
c_1_41_305,Mesenchymal-Stromal
c_1_41_306,Neuronal-Glial
c_1_41_307,Mesenchymal-Stromal
c_1_41_308,Lymphoid-T
c_1_41_309,Mesenchymal-Stromal
c_1_41_310,Mesenchymal-Stromal
c_1_41_311,Mesenchymal-Stromal
c_1_41_312,Mesenchymal-Stromal
c_1_41_313,Mesenchymal-Stromal
c_1_41_314,Mesenchymal-Stromal
c_1_41_317,Mesenchymal-Stromal
c_1_41_318,Mesenchymal-Stromal
c_1_41_319,Mesenchymal-Stromal
c_1_41_320,Mesenchymal-Stromal
c_1_41_321,Mesenchymal-Stromal
c_1_41_322,Mesenchymal-Stromal
c_1_41_324,Mesenchymal-Stromal
c_1_41_325,Mesenchymal-Stromal
c_1_41_326,Mesenchymal-Stromal
c_1_41_327,Mesenchymal-Stromal
c_1_41_328,Mesenchymal-Stromal
c_1_41_329,Mesenchymal-Stromal
c_1_41_330,Mesenchymal-Stromal
c_1_41_331,Lymphoid-Other
c_1_41_332,Mesenchymal-Stromal
c_1_41_333,Mesenchymal-Stromal
c_1_41_334,Mesenchymal-Stromal
c_1_41_335,Lymphoid-Other
c_1_41_338,Mesenchymal-Stromal
c_1_41_339,Mesenchymal-Stromal
c_1_41_340,Mesenchymal-Stromal
c_1_41_341,Mesenchymal-Stromal
c_1_41_342,Mesenchymal-Stromal
c_1_41_343,Mesenchymal-Stromal
c_1_41_345,Mesenchymal-Stromal
c_1_41_346,Mesenchymal-Stromal
c_1_41_347,Mesenchymal-Stromal
c_1_41_348,Mesenchymal-Stromal
c_1_41_349,Mesenchymal-Stromal
c_1_41_350,Mesenchymal-Stromal
c_1_41_351,Mesenchymal-Stromal
c_1_41_352,Mesenchymal-Stromal
c_1_41_353,Mesenchymal-Stromal
c_1_41_354,Mesenchymal-Stromal
c_1_41_355,Mesenchymal-Stromal
c_1_41_356,Lymphoid-Other
c_1_41_357,Mesenchymal-Stromal
c_1_41_358,Mesenchymal-Stromal
c_1_41_359,Mesenchymal-Stromal
c_1_41_360,Mesenchymal-Stromal
c_1_41_361,Lymphoid-Other
c_1_41_362,Mesenchymal-Stromal
c_1_41_363,Lymphoid-Other
c_1_41_364,Mesenchymal-Stromal
c_1_41_365,Mesenchymal-Stromal
c_1_41_366,Mesenchymal-Stromal
c_1_41_367,Mesenchymal-Stromal
c_1_41_368,Mesenchymal-Stromal
c_1_41_369,Mesenchymal-Stromal
c_1_41_370,Mesenchymal-Stromal
c_1_41_371,Mesenchymal-Stromal
c_1_41_372,Mesenchymal-Stromal
c_1_41_373,Mesenchymal-Stromal
c_1_41_374,Mesenchymal-Stromal
c_1_41_375,Mesenchymal-Stromal
c_1_41_376,Mesenchymal-Stromal
c_1_41_377,Mesenchymal-Stromal
c_1_41_378,Mesenchymal-Stromal
c_1_41_380,Mesenchymal-Stromal
c_1_41_382,Mesenchymal-Stromal
c_1_41_383,Mesenchymal-Stromal
c_1_41_385,Mesenchymal-Stromal
c_1_41_386,Mesenchymal-Stromal
c_1_41_388,Lymphoid-Other
c_1_41_389,Mesenchymal-Stromal
c_1_41_390,Endothelial
c_1_41_391,Mesenchymal-Stromal
c_1_41_394,Mesenchymal-Stromal
c_1_41_397,Mesenchymal-Stromal
c_1_41_398,Mesenchymal-Stromal
c_1_41_400,Mesenchymal-Stromal
c_1_41_401,Mesenchymal-Stromal
c_1_41_402,Lymphoid-T
c_1_41_404,Mesenchymal-Stromal
c_1_41_405,Mesenchymal-Stromal
c_1_41_407,Mesenchymal-Stromal
c_1_41_409,Mesenchymal-Stromal
c_1_41_411,Mesenchymal-Stromal
c_1_41_412,Mesenchymal-Stromal
c_1_41_413,Mesenchymal-Stromal
c_1_41_414,Lymphoid-Other
c_1_41_417,Mesenchymal-Stromal
c_1_41_418,Endothelial
c_1_41_419,Mesenchymal-Stromal
c_1_41_420,Mesenchymal-Stromal
c_1_41_421,Mesenchymal-Stromal
c_1_41_423,Mesenchymal-Stromal
c_1_41_424,Mesenchymal-Stromal
c_1_41_426,Mesenchymal-Stromal
c_1_41_427,Mesenchymal-Stromal
c_1_41_428,Mesenchymal-Stromal
c_1_41_430,Mesenchymal-Stromal
c_1_41_431,Mesenchymal-Stromal
c_1_41_432,Mesenchymal-Stromal
c_1_41_433,Mesenchymal-Stromal
c_1_41_434,Mesenchymal-Stromal
c_1_41_435,Mesenchymal-Stromal
c_1_41_437,Mesenchymal-Stromal
c_1_41_438,Mesenchymal-Stromal
c_1_41_439,Mesenchymal-Stromal
c_1_41_440,Mesenchymal-Stromal
c_1_41_442,Mesenchymal-Stromal
c_1_41_443,Mesenchymal-Stromal
c_1_41_445,Mesenchymal-Stromal
c_1_41_446,Mesenchymal-Stromal
c_1_41_447,Mesenchymal-Stromal
c_1_41_448,Mesenchymal-Stromal
c_1_41_449,Mesenchymal-Stromal
c_1_41_450,Mesenchymal-Stromal
c_1_41_451,Mesenchymal-Stromal
c_1_41_452,Mesenchymal-Stromal
c_1_41_453,Mesenchymal-Stromal
c_1_41_456,Mesenchymal-Stromal
c_1_41_457,Mesenchymal-Stromal
c_1_41_458,Mesenchymal-Stromal
c_1_41_459,Mesenchymal-Stromal
c_1_41_460,Mesenchymal-Stromal
c_1_41_461,Mesenchymal-Stromal
c_1_41_462,Mesenchymal-Stromal
c_1_41_463,Lymphoid-Other
c_1_41_464,Mesenchymal-Stromal
c_1_41_465,Mesenchymal-Stromal
c_1_41_466,Mesenchymal-Stromal
c_1_41_467,Mesenchymal-Stromal
c_1_41_468,Mesenchymal-Stromal
c_1_41_469,Mesenchymal-Stromal
c_1_41_470,Mesenchymal-Stromal
c_1_41_471,Mesenchymal-Stromal
c_1_41_472,Mesenchymal-Stromal
c_1_41_473,Mesenchymal-Stromal
c_1_41_474,Mesenchymal-Stromal
c_1_41_475,Mesenchymal-Stromal
c_1_41_477,Mesenchymal-Stromal
c_1_41_478,Mesenchymal-Stromal
c_1_41_479,Mesenchymal-Stromal
c_1_41_480,Mesenchymal-Stromal
c_1_41_481,Mesenchymal-Stromal
c_1_41_482,Mesenchymal-Stromal
c_1_41_483,Mesenchymal-Stromal
c_1_41_484,Mesenchymal-Stromal
c_1_41_485,Mesenchymal-Stromal
c_1_41_486,Mesenchymal-Stromal
c_1_41_488,Mesenchymal-Stromal
c_1_41_489,Mesenchymal-Stromal
c_1_41_490,Mesenchymal-Stromal
c_1_41_491,Mesenchymal-Stromal
c_1_41_492,Mesenchymal-Stromal
c_1_41_493,Mesenchymal-Stromal
c_1_41_494,Mesenchymal-Stromal
c_1_41_495,Mesenchymal-Stromal
c_1_41_496,Mesenchymal-Stromal
c_1_41_497,Mesenchymal-Stromal
c_1_41_498,Mesenchymal-Stromal
c_1_41_499,Mesenchymal-Stromal
c_1_41_501,Lymphoid-Other
c_1_41_502,Myeloid
c_1_41_504,Mesenchymal-Stromal
c_1_41_505,Mesenchymal-Stromal
c_1_41_507,Lymphoid-Other
c_1_41_508,Mesenchymal-Stromal
c_1_41_509,Mesenchymal-Stromal
c_1_41_510,Mesenchymal-Stromal
c_1_41_511,Mesenchymal-Stromal
c_1_41_512,Mesenchymal-Stromal
c_1_41_513,Mesenchymal-Stromal
c_1_41_515,Endothelial
c_1_41_516,Endothelial
c_1_41_517,Endothelial
c_1_41_518,Mesenchymal-Stromal
c_1_41_519,Endothelial
c_1_41_520,Mesenchymal-Stromal
c_1_41_521,Epithelial
c_1_41_522,Mesenchymal-Stromal
c_1_41_523,Mesenchymal-Stromal
c_1_41_524,Mesenchymal-Stromal
c_1_41_525,Mesenchymal-Stromal
c_1_41_526,Mesenchymal-Stromal
c_1_41_527,Mesenchymal-Stromal
c_1_41_528,Mesenchymal-Stromal
c_1_41_529,Mesenchymal-Stromal
c_1_41_530,Mesenchymal-Stromal
c_1_41_532,Mesenchymal-Stromal
c_1_41_533,Mesenchymal-Stromal
c_1_41_534,Mesenchymal-Stromal
c_1_41_535,Lymphoid-Other
c_1_41_536,Mesenchymal-Stromal
c_1_41_537,Mesenchymal-Stromal
c_1_41_538,Mesenchymal-Stromal
c_1_41_539,Mesenchymal-Stromal
c_1_41_540,Mesenchymal-Stromal
c_1_41_541,Mesenchymal-Stromal
c_1_41_542,Mesenchymal-Stromal
c_1_41_543,Mesenchymal-Stromal
c_1_41_544,Mesenchymal-Stromal
c_1_41_545,Mesenchymal-Stromal
c_1_41_546,Mesenchymal-Stromal
c_1_41_547,Mesenchymal-Stromal
c_1_41_548,Mesenchymal-Stromal
c_1_41_549,Mesenchymal-Stromal
c_1_41_550,Mesenchymal-Stromal
c_1_41_551,Mesenchymal-Stromal
c_1_41_553,Mesenchymal-Stromal
c_1_41_554,Mesenchymal-Stromal
c_1_41_555,Mesenchymal-Stromal
c_1_41_556,Mesenchymal-Stromal
c_1_41_557,Mesenchymal-Stromal
c_1_41_558,Mesenchymal-Stromal
c_1_41_559,Lymphoid-Other
c_1_41_560,Mesenchymal-Stromal
c_1_41_561,Mesenchymal-Stromal
c_1_41_562,Mesenchymal-Stromal
c_1_41_563,Mesenchymal-Stromal
c_1_41_564,Mesenchymal-Stromal
c_1_41_565,Mesenchymal-Stromal
c_1_41_566,Mesenchymal-Stromal
c_1_41_567,Mesenchymal-Stromal
c_1_41_568,Mesenchymal-Stromal
c_1_41_569,Mesenchymal-Stromal
c_1_41_570,Mesenchymal-Stromal
c_1_41_571,Mesenchymal-Stromal
c_1_41_572,Mesenchymal-Stromal
c_1_41_573,Mesenchymal-Stromal
c_1_41_574,Mesenchymal-Stromal
c_1_41_575,Mesenchymal-Stromal
c_1_41_576,Mesenchymal-Stromal
c_1_41_577,Mesenchymal-Stromal
c_1_41_578,Mesenchymal-Stromal
c_1_41_579,Mesenchymal-Stromal
c_1_41_580,Mesenchymal-Stromal
c_1_41_581,Lymphoid-T
c_1_41_582,Mesenchymal-Stromal
c_1_41_583,Mesenchymal-Stromal
c_1_41_584,Mesenchymal-Stromal
c_1_41_586,Mesenchymal-Stromal
c_1_41_587,Mesenchymal-Stromal
c_1_41_588,Mesenchymal-Stromal
c_1_41_589,Mesenchymal-Stromal
c_1_41_590,Mesenchymal-Stromal
c_1_41_591,Mesenchymal-Stromal
c_1_41_592,Mesenchymal-Stromal
c_1_41_593,Mesenchymal-Stromal
c_1_41_594,Mesenchymal-Stromal
c_1_41_595,Mesenchymal-Stromal
c_1_41_596,Mesenchymal-Stromal
c_1_41_597,Mesenchymal-Stromal
c_1_41_598,Mesenchymal-Stromal
c_1_41_600,Mesenchymal-Stromal
c_1_41_601,Mesenchymal-Stromal
c_1_41_602,Mesenchymal-Stromal
c_1_41_603,Mesenchymal-Stromal
c_1_41_604,Mesenchymal-Stromal
c_1_41_605,Mesenchymal-Stromal
c_1_41_606,Mesenchymal-Stromal
c_1_41_607,Mesenchymal-Stromal
c_1_41_608,Mesenchymal-Stromal
c_1_41_609,Mesenchymal-Stromal
c_1_41_610,Mesenchymal-Stromal
c_1_41_611,Mesenchymal-Stromal
c_1_41_612,Mesenchymal-Stromal
c_1_41_613,Mesenchymal-Stromal
c_1_41_614,Mesenchymal-Stromal
c_1_41_615,Mesenchymal-Stromal
c_1_41_616,Mesenchymal-Stromal
c_1_41_617,Mesenchymal-Stromal
c_1_41_619,Mesenchymal-Stromal
c_1_41_620,Mesenchymal-Stromal
c_1_41_621,Mesenchymal-Stromal
c_1_41_622,Mesenchymal-Stromal
c_1_41_623,Mesenchymal-Stromal
c_1_41_624,Mesenchymal-Stromal
c_1_41_625,Mesenchymal-Stromal
c_1_41_626,Mesenchymal-Stromal
c_1_41_628,Mesenchymal-Stromal
c_1_41_630,Mesenchymal-Stromal
c_1_41_632,Mesenchymal-Stromal
c_1_41_633,Mesenchymal-Stromal
c_1_41_634,Mesenchymal-Stromal
c_1_41_635,Mesenchymal-Stromal
c_1_41_636,Mesenchymal-Stromal
c_1_41_637,Mesenchymal-Stromal
c_1_41_638,Mesenchymal-Stromal
c_1_41_639,Mesenchymal-Stromal
c_1_41_640,Mesenchymal-Stromal
c_1_41_641,Mesenchymal-Stromal
c_1_41_642,Mesenchymal-Stromal
c_1_41_643,Mesenchymal-Stromal
c_1_41_644,Mesenchymal-Stromal
c_1_41_645,Mesenchymal-Stromal
c_1_41_646,Mesenchymal-Stromal
c_1_41_647,Mesenchymal-Stromal
c_1_41_648,Mesenchymal-Stromal
c_1_41_649,Mesenchymal-Stromal
c_1_41_650,Mesenchymal-Stromal
c_1_41_651,Mesenchymal-Stromal
c_1_41_652,Mesenchymal-Stromal
c_1_41_653,Mesenchymal-Stromal
c_1_41_654,Mesenchymal-Stromal
c_1_41_655,Mesenchymal-Stromal
c_1_41_656,Mesenchymal-Stromal
c_1_41_657,Mesenchymal-Stromal
c_1_41_659,Mesenchymal-Stromal
c_1_41_660,Mesenchymal-Stromal
c_1_41_661,Mesenchymal-Stromal
c_1_41_663,Mesenchymal-Stromal
c_1_41_664,Lymphoid-Other
c_1_41_665,Mesenchymal-Stromal
c_1_41_666,Mesenchymal-Stromal
c_1_41_667,Mesenchymal-Stromal
c_1_41_668,Mesenchymal-Stromal
c_1_41_669,Mesenchymal-Stromal
c_1_41_670,Mesenchymal-Stromal
c_1_41_671,Mesenchymal-Stromal
c_1_41_673,Lymphoid-Other
c_1_41_674,Mesenchymal-Stromal
c_1_41_675,Mesenchymal-Stromal
c_1_41_677,Mesenchymal-Stromal
c_1_41_678,Mesenchymal-Stromal
c_1_41_680,Mesenchymal-Stromal
c_1_41_681,Mesenchymal-Stromal
c_1_41_682,Mesenchymal-Stromal
c_1_41_683,Lymphoid-Other
c_1_41_684,Mesenchymal-Stromal
c_1_41_685,Mesenchymal-Stromal
c_1_41_686,Mesenchymal-Stromal
c_1_41_687,Mesenchymal-Stromal
c_1_41_688,Mesenchymal-Stromal
c_1_41_689,Mesenchymal-Stromal
c_1_41_690,Mesenchymal-Stromal
c_1_41_691,Mesenchymal-Stromal
c_1_41_692,Mesenchymal-Stromal
c_1_41_693,Mesenchymal-Stromal
c_1_41_694,Mesenchymal-Stromal
c_1_41_695,Mesenchymal-Stromal
c_1_41_696,Mesenchymal-Stromal
c_1_41_697,Mesenchymal-Stromal
c_1_41_698,Mesenchymal-Stromal
c_1_41_699,Mesenchymal-Stromal
c_1_41_700,Mesenchymal-Stromal
c_1_41_701,Mesenchymal-Stromal
c_1_41_702,Mesenchymal-Stromal
c_1_41_703,Mesenchymal-Stromal
c_1_41_704,Mesenchymal-Stromal
c_1_41_705,Mesenchymal-Stromal
c_1_41_706,Mesenchymal-Stromal
c_1_41_707,Mesenchymal-Stromal
c_1_41_708,Mesenchymal-Stromal
c_1_41_709,Lymphoid-Other
c_1_41_710,Mesenchymal-Stromal
c_1_41_711,Mesenchymal-Stromal
c_1_41_712,Mesenchymal-Stromal
c_1_41_713,Mesenchymal-Stromal
c_1_41_715,Mesenchymal-Stromal
c_1_41_716,Mesenchymal-Stromal
c_1_41_717,Mesenchymal-Stromal
c_1_41_718,Mesenchymal-Stromal
c_1_41_719,Mesenchymal-Stromal
c_1_41_720,Mesenchymal-Stromal
c_1_41_721,Mesenchymal-Stromal
c_1_41_722,Mesenchymal-Stromal
c_1_41_723,Mesenchymal-Stromal
c_1_41_724,Mesenchymal-Stromal
c_1_41_725,Neuronal-Glial
c_1_41_726,Mesenchymal-Stromal
c_1_41_727,Mesenchymal-Stromal
c_1_41_728,Mesenchymal-Stromal
c_1_41_729,Mesenchymal-Stromal
c_1_41_730,Mesenchymal-Stromal
c_1_41_732,Mesenchymal-Stromal
c_1_41_733,Mesenchymal-Stromal
c_1_41_734,Mesenchymal-Stromal
c_1_41_735,Mesenchymal-Stromal
c_1_41_736,Mesenchymal-Stromal
c_1_41_737,Mesenchymal-Stromal
c_1_41_738,Mesenchymal-Stromal
c_1_41_739,Mesenchymal-Stromal
c_1_41_740,Mesenchymal-Stromal
c_1_41_741,Myeloid
c_1_41_742,Mesenchymal-Stromal
c_1_41_743,Mesenchymal-Stromal
c_1_41_744,Mesenchymal-Stromal
c_1_41_745,Mesenchymal-Stromal
c_1_41_746,Mesenchymal-Stromal
c_1_41_747,Mesenchymal-Stromal
c_1_41_748,Mesenchymal-Stromal
c_1_41_749,Mesenchymal-Stromal
c_1_41_750,Mesenchymal-Stromal
c_1_41_751,Mesenchymal-Stromal
c_1_41_752,Mesenchymal-Stromal
c_1_41_753,Lymphoid-Other
c_1_41_754,Mesenchymal-Stromal
c_1_41_755,Mesenchymal-Stromal
c_1_41_756,Mesenchymal-Stromal
c_1_41_757,Mesenchymal-Stromal
c_1_41_758,Neuronal-Glial
c_1_41_759,Mesenchymal-Stromal
c_1_41_760,Mesenchymal-Stromal
c_1_41_761,Mesenchymal-Stromal
c_1_41_762,Mesenchymal-Stromal
c_1_41_764,Mesenchymal-Stromal
c_1_41_765,Mesenchymal-Stromal
c_1_41_766,Mesenchymal-Stromal
c_1_41_767,Mesenchymal-Stromal
c_1_41_768,Mesenchymal-Stromal
c_1_41_769,Mesenchymal-Stromal
c_1_41_770,Mesenchymal-Stromal
c_1_41_771,Mesenchymal-Stromal
c_1_41_772,Mesenchymal-Stromal
c_1_41_773,Mesenchymal-Stromal
c_1_41_774,Mesenchymal-Stromal
c_1_41_775,Mesenchymal-Stromal
c_1_41_776,Mesenchymal-Stromal
c_1_41_777,Mesenchymal-Stromal
c_1_41_778,Mesenchymal-Stromal
c_1_41_779,Mesenchymal-Stromal
c_1_41_780,Mesenchymal-Stromal
c_1_41_781,Mesenchymal-Stromal
c_1_41_782,Mesenchymal-Stromal
c_1_41_783,Mesenchymal-Stromal
c_1_41_784,Mesenchymal-Stromal
c_1_41_785,Mesenchymal-Stromal
c_1_41_786,Mesenchymal-Stromal
c_1_41_787,Mesenchymal-Stromal
c_1_41_788,Mesenchymal-Stromal
c_1_41_789,Mesenchymal-Stromal
c_1_41_790,Endothelial
c_1_41_791,Mesenchymal-Stromal
c_1_41_793,Mesenchymal-Stromal
c_1_41_794,Mesenchymal-Stromal
c_1_41_795,Mesenchymal-Stromal
c_1_41_796,Mesenchymal-Stromal
c_1_41_797,Mesenchymal-Stromal
c_1_41_798,Mesenchymal-Stromal
c_1_41_799,Neuronal-Glial
c_1_41_800,Mesenchymal-Stromal
c_1_41_801,Mesenchymal-Stromal
c_1_41_802,Mesenchymal-Stromal
c_1_41_803,Endothelial
c_1_41_804,Mesenchymal-Stromal
c_1_41_805,Lymphoid-Other
c_1_41_806,Mesenchymal-Stromal
c_1_41_807,Mesenchymal-Stromal
c_1_41_808,Mesenchymal-Stromal
c_1_41_809,Mesenchymal-Stromal
c_1_41_810,Mesenchymal-Stromal
c_1_41_811,Mesenchymal-Stromal
c_1_41_812,Mesenchymal-Stromal
c_1_41_813,Mesenchymal-Stromal
c_1_41_814,Mesenchymal-Stromal
c_1_41_815,Mesenchymal-Stromal
c_1_41_816,Mesenchymal-Stromal
c_1_41_817,Mesenchymal-Stromal
c_1_41_818,Mesenchymal-Stromal
c_1_41_819,Mesenchymal-Stromal
c_1_41_820,Mesenchymal-Stromal
c_1_41_821,Mesenchymal-Stromal
c_1_41_823,Neuronal-Glial
c_1_41_825,Mesenchymal-Stromal
c_1_41_826,Mesenchymal-Stromal
c_1_41_827,Mesenchymal-Stromal
c_1_41_828,Mesenchymal-Stromal
c_1_41_829,Mesenchymal-Stromal
c_1_41_832,Lymphoid-Other
c_1_41_833,Mesenchymal-Stromal
c_1_41_834,Mesenchymal-Stromal
c_1_41_836,Mesenchymal-Stromal
c_1_41_837,Mesenchymal-Stromal
c_1_41_838,Mesenchymal-Stromal
c_1_41_839,Mesenchymal-Stromal
c_1_41_840,Mesenchymal-Stromal
c_1_41_841,Lymphoid-Other
c_1_41_842,Mesenchymal-Stromal
c_1_41_844,Mesenchymal-Stromal
c_1_41_845,Mesenchymal-Stromal
c_1_41_846,Mesenchymal-Stromal
c_1_41_847,Mesenchymal-Stromal
c_1_41_848,Mesenchymal-Stromal
c_1_41_849,Mesenchymal-Stromal
c_1_41_850,Mesenchymal-Stromal
c_1_41_851,Mesenchymal-Stromal
c_1_41_852,Mesenchymal-Stromal
c_1_41_854,Mesenchymal-Stromal
c_1_41_855,Mesenchymal-Stromal
c_1_41_856,Mesenchymal-Stromal
c_1_41_857,Mesenchymal-Stromal
c_1_41_860,Lymphoid-Other
c_1_41_862,Mesenchymal-Stromal
c_1_41_864,Mesenchymal-Stromal
c_1_41_865,Mesenchymal-Stromal
c_1_41_866,Mesenchymal-Stromal
c_1_41_867,Lymphoid-Other
c_1_41_868,Lymphoid-T
c_1_41_869,Mesenchymal-Stromal
c_1_41_870,Mesenchymal-Stromal
c_1_41_871,Mesenchymal-Stromal
c_1_41_872,Endothelial
c_1_41_874,Endothelial
c_1_41_876,Endothelial
c_1_41_877,Mesenchymal-Stromal
c_1_41_878,Mesenchymal-Stromal
c_1_41_879,Mesenchymal-Stromal
c_1_41_880,Mesenchymal-Stromal
c_1_41_881,Mesenchymal-Stromal
c_1_41_882,Lymphoid-Other
c_1_41_883,Mesenchymal-Stromal
c_1_41_884,Mesenchymal-Stromal
c_1_41_885,Mesenchymal-Stromal
c_1_41_888,Erythroid
c_1_41_889,Mesenchymal-Stromal
c_1_41_890,Endothelial
c_1_41_891,Mesenchymal-Stromal
c_1_41_893,Mesenchymal-Stromal
c_1_41_894,Mesenchymal-Stromal
c_1_41_895,Lymphoid-Other
c_1_41_896,Mesenchymal-Stromal
c_1_41_897,Mesenchymal-Stromal
c_1_41_898,Mesenchymal-Stromal
c_1_41_899,Mesenchymal-Stromal
c_1_41_900,Mesenchymal-Stromal
c_1_41_901,Mesenchymal-Stromal
c_1_41_902,Mesenchymal-Stromal
c_1_41_903,Mesenchymal-Stromal
c_1_41_905,Mesenchymal-Stromal
c_1_41_907,Endothelial
c_1_41_908,Neuronal-Glial
c_1_41_909,Lymphoid-Other
c_1_41_910,Mesenchymal-Stromal
c_1_41_911,Mesenchymal-Stromal
c_1_41_912,Endothelial
c_1_41_913,Mesenchymal-Stromal
c_1_41_914,Mesenchymal-Stromal
c_1_41_916,Mesenchymal-Stromal
c_1_41_917,Endothelial
c_1_41_918,Lymphoid-Other
c_1_41_922,Mesenchymal-Stromal
